[{"lst_id":1, "lst_name":"ADIVA Hospital", "lst_desc":"", "lst_loc":"New Delhi", "lst_address":"C1/C, Green Park Ext, Green Park Green Park, New Delhi - 110016", "lst_specialization":"", "lst_type_of_org":"Private Hospital"},
 {"lst_id":2, "lst_name":"Indian Spinal Injuries Center, Delhi", "lst_desc":"", "lst_loc":"New Delhi", "lst_address":"Sector C, Vasant Kunj, Opposite Vasant Valley School , New Delhi - 110070", "lst_specialization":"", "lst_type_of_org":"Private Hospital"},
 {"lst_id":3, "lst_name":"Dharamshila Cancer Hospital and Research Centre", "lst_desc":"", "lst_loc":"New Delhi", "lst_address":"Near New Ashok Nagar Metro Station, Vasundhara Enclave New Ashok Nagar, New Delhi - 110096", "lst_specialization":"", "lst_type_of_org":"Private Hospital"},
 {"lst_id":4, "lst_name":"Adiva IVF And Birthing Centre", "lst_desc":"", "lst_loc":"New Delhi", "lst_address":"C- 1/ C, Green Park Extension Green Park, New Delhi - 110016", "lst_specialization":"", "lst_type_of_org":"Private Hospital"},
 {"lst_id":5, "lst_name":"Batra Hospital & Medical Research Centre", "lst_desc":"", "lst_loc":"New Delhi", "lst_address":"1, Mehrauli Badarpur Road, Near Saket Metro Station, Tughlakabad Institutional Area Tughlakabad, New Delhi - 110062", "lst_specialization":"", "lst_type_of_org":"Private Hospital"},
 {"lst_id":6, "lst_name":"BLK Super Speciality Hospital", "lst_desc":"", "lst_loc":"New Delhi", "lst_address":"Building No. 5, Pusa Road, Near Rajendra Palace, Metro Station, Rajinder Nagar Karol Bagh, New Delhi - 110005", "lst_specialization":"", "lst_type_of_org":"Private Hospital"},
 {"lst_id":7, "lst_name":"Rockland Hospital-Qutab", "lst_desc":"", "lst_loc":"New Delhi", "lst_address":"Rockland Qutab, B- 33 & 34, Qutab Institutional Area, Katwaria Sarai Hauz Khas, New Delhi - 110019", "lst_specialization":"", "lst_type_of_org":"Private Hospital"},
 {"lst_id":8, "lst_name":"Indraprastha Apollo Hospitals", "lst_desc":"", "lst_loc":"New Delhi", "lst_address":"Delhi Mathura Road, Sarita Vihar Okhla, New Delhi - 110076", "lst_specialization":"", "lst_type_of_org":"Private Hospital"},
 {"lst_id":9, "lst_name":"Artemis Hospital", "lst_desc":"", "lst_loc":"New Delhi", "lst_address":"Plot No. 14, Road Number 226, Sector 20, Near Metro Station 9 Dwarka, New Delhi - 110075", "lst_specialization":"", "lst_type_of_org":"Private Hospital"}]