[{"lst_id":1, "lst_name":"Fruits Good for Heart Health", "lst_url":"fruits-good-for-heart-health", "lst_type":"recommended-for", "lst_data_table":"nu_recommended_for_display_text", "lst_filter_tag_level_1":"fruits", "lst_filter_tag_level_2":"Heart Health", "lst_filter_tag_level_3":"", "related_posts":"", "lst_benefits":"", "lst_benefits_link":"", "lst_type_url_tag":"r", "lst_img_name":"fruits-good-for-heart-health.jpg"},
 {"lst_id":2, "lst_name":"Fruits Rich in Vitamin A", "lst_url":"fruits-rich-in-vitamin-a", "lst_type":"nutrients", "lst_data_table":"", "lst_filter_tag_level_1":"fruits", "lst_filter_tag_level_2":"Vitamin A", "lst_filter_tag_level_3":"", "related_posts":"'fruits-rich-in-vitamin-c', 'fruits-rich-in-vitamin-d'", "lst_benefits":"Good for Eye Health, Improves Skin Health, Improves Immunity", "lst_benefits_link":"https://www.livescience.com/51975-vitamin-a.html", "lst_type_url_tag":"v", "lst_img_name":"fruits-rich-in-vitamin-a.jpg"},
 {"lst_id":3, "lst_name":"Fruits Rich in Vitamin C", "lst_url":"fruits-rich-in-vitamin-c", "lst_type":"nutrients", "lst_data_table":"", "lst_filter_tag_level_1":"fruits", "lst_filter_tag_level_2":"Vitamin C", "lst_filter_tag_level_3":"", "related_posts":"'fruits-rich-in-vitamin-d', 'fruits-rich-in-vitamin-e'", "lst_benefits":"Improves Immunity, Prevents Heart Ailments, Prevents Skin Wrinkling", "lst_benefits_link":"https://www.webmd.com/diet/features/the-benefits-of-vitamin-c#1", "lst_type_url_tag":"v", "lst_img_name":"fruits-rich-in-vitamin-c.jpg"},
 {"lst_id":4, "lst_name":"Fruits Rich in Vitamin D", "lst_url":"fruits-rich-in-vitamin-d", "lst_type":"nutrients", "lst_data_table":"", "lst_filter_tag_level_1":"fruits", "lst_filter_tag_level_2":"Vitamin D", "lst_filter_tag_level_3":"", "related_posts":"'fruits-rich-in-vitamin-e', 'fruits-rich-in-vitamin-k'", "lst_benefits":"Improves Immunity, Reduces Depression, Boosts Weight Loss", "lst_benefits_link":"https://www.healthline.com/health/food-nutrition/benefits-vitamin-d#boosts-weight-loss", "lst_type_url_tag":"v", "lst_img_name":"fruits-rich-in-vitamin-d.jpg"},
 {"lst_id":5, "lst_name":"Fruits Rich in Vitamin E", "lst_url":"fruits-rich-in-vitamin-e", "lst_type":"nutrients", "lst_data_table":"", "lst_filter_tag_level_1":"fruits", "lst_filter_tag_level_2":"Vitamin E", "lst_filter_tag_level_3":"", "related_posts":"'fruits-rich-in-vitamin-k', 'fruits-rich-in-vitamin-b12'", "lst_benefits":"Good for Hair and Skin, Protects against Heart Ailments, Protects against Cancer", "lst_benefits_link":"https://www.webmd.com/vitamins/ai/ingredientmono-954/vitamin-e", "lst_type_url_tag":"v", "lst_img_name":"fruits-rich-in-vitamin-e.jpg"},
 {"lst_id":6, "lst_name":"Fruits Rich in Vitamin K", "lst_url":"fruits-rich-in-vitamin-k", "lst_type":"nutrients", "lst_data_table":"", "lst_filter_tag_level_1":"fruits", "lst_filter_tag_level_2":"Vitamin K", "lst_filter_tag_level_3":"", "related_posts":"'fruits-rich-in-vitamin-b12', 'fruits-rich-in-vitamin-b6'", "lst_benefits":"Strong Bones, Helps in Wound Healing", "lst_benefits_link":"https://www.livescience.com/51908-vitamin-k.html", "lst_type_url_tag":"v", "lst_img_name":"fruits-rich-in-vitamin-k.jpg"},
 {"lst_id":7, "lst_name":"Fruits Rich in Vitamin B12", "lst_url":"fruits-rich-in-vitamin-b12", "lst_type":"nutrients", "lst_data_table":"", "lst_filter_tag_level_1":"fruits", "lst_filter_tag_level_2":"Vitamin B12", "lst_filter_tag_level_3":"", "related_posts":"'fruits-rich-in-vitamin-b6', 'fruits-rich-in-vitamin-riboflavin'", "lst_benefits":"Good Nerve Health, Builds up Enegry Reserves, Prevents Anemia", "lst_benefits_link":"https://ods.od.nih.gov/factsheets/VitaminB12-Consumer/", "lst_type_url_tag":"v", "lst_img_name":"fruits-rich-in-vitamin-b12.jpg"},
 {"lst_id":8, "lst_name":"Fruits Rich in Vitamin B6", "lst_url":"fruits-rich-in-vitamin-b6", "lst_type":"nutrients", "lst_data_table":"", "lst_filter_tag_level_1":"fruits", "lst_filter_tag_level_2":"Vitamin B6", "lst_filter_tag_level_3":"", "related_posts":"'fruits-rich-in-vitamin-riboflavin', 'fruits-rich-in-vitamin-folate'", "lst_benefits":"Good for Heart Health, Improves Digestive Health, Boosts Energy Reserves", "lst_benefits_link":"https://www.everydayhealth.com/diet-nutrition/benefits-of-vitamin-b6.aspx", "lst_type_url_tag":"v", "lst_img_name":"fruits-rich-in-vitamin-b6.jpg"},
 {"lst_id":9, "lst_name":"Fruits Rich in Pantothenic Acid (B2)", "lst_url":"fruits-rich-in-vitamin-b2-riboflavin", "lst_type":"nutrients", "lst_data_table":"", "lst_filter_tag_level_1":"fruits", "lst_filter_tag_level_2":"Riboflavin", "lst_filter_tag_level_3":"", "related_posts":"'fruits-rich-in-vitamin-folate', 'fruits-rich-in-vitamin-thiamin'", "lst_benefits":"Overall Good Health, Good Eye Health, Helps with Migrane", "lst_benefits_link":"https://www.livescience.com/51966-vitamin-b2-riboflavin.html", "lst_type_url_tag":"v", "lst_img_name":"fruits-rich-in-vitamin-b2-riboflavin.jpg"},
 {"lst_id":10, "lst_name":"Fruits Rich in Folate", "lst_url":"fruits-rich-in-vitamin-folate", "lst_type":"nutrients", "lst_data_table":"", "lst_filter_tag_level_1":"fruits", "lst_filter_tag_level_2":"Folate", "lst_filter_tag_level_3":"", "related_posts":"'fruits-rich-in-vitamin-thiamin', 'fruits-rich-in-vitamin-niacin'", "lst_benefits":"Reduces Risk of Heart Disease, Good for Fetus during Pregnancy, Good for Metabolic Processes and Overall Wellbeing", "lst_benefits_link":"https://ods.od.nih.gov/factsheets/Folate-Consumer/", "lst_type_url_tag":"v", "lst_img_name":"fruits-rich-in-vitamin-folate.jpg"},
 {"lst_id":11, "lst_name":"Fruits Rich in Thiamin (B1)", "lst_url":"fruits-rich-in-vitamin-b1-thiamin", "lst_type":"nutrients", "lst_data_table":"", "lst_filter_tag_level_1":"fruits", "lst_filter_tag_level_2":"Thiamin", "lst_filter_tag_level_3":"", "related_posts":"'fruits-rich-in-vitamin-niacin', 'fruits-rich-in-vitamin-choline'", "lst_benefits":"Good for Heart Health, Good for Brain Health, Essential for Glucose Metabolism", "lst_benefits_link":"https://www.medicalnewstoday.com/articles/219545.php", "lst_type_url_tag":"v", "lst_img_name":"fruits-rich-in-vitamin-b1-thiamin.jpg"},
 {"lst_id":12, "lst_name":"Fruits Rich in Niacin (B3)", "lst_url":"fruits-rich-in-vitamin-b3-niacin", "lst_type":"nutrients", "lst_data_table":"", "lst_filter_tag_level_1":"fruits", "lst_filter_tag_level_2":"Niacin", "lst_filter_tag_level_3":"", "related_posts":"'fruits-rich-in-vitamin-choline', 'fruits-rich-in-vitamin-folate'", "lst_benefits":"Good for Heart Health, Good for Brain Health, Improves Skin Health", "lst_benefits_link":"https://www.healthline.com/nutrition/niacin-benefits", "lst_type_url_tag":"v", "lst_img_name":"fruits-rich-in-vitamin-b3-niacin.jpg"},
 {"lst_id":13, "lst_name":"Fruits Rich in Choline", "lst_url":"fruits-rich-in-vitamin-choline", "lst_type":"nutrients", "lst_data_table":"", "lst_filter_tag_level_1":"fruits", "lst_filter_tag_level_2":"Choline", "lst_filter_tag_level_3":"", "related_posts":"'fruits-rich-in-vitamin-folate', 'fruits-rich-in-vitamin-d'", "lst_benefits":"Good for Heart Health, Good for Liver, Improved Cognitive functions", "lst_benefits_link":"https://www.naturalproductsinsider.com/heart-health/top-5-health-benefits-choline", "lst_type_url_tag":"v", "lst_img_name":"fruits-rich-in-vitamin-choline.jpg"},
 {"lst_id":14, "lst_name":"Fruits Rich in Betaine", "lst_url":"fruits-rich-in-vitamin-betaine", "lst_type":"nutrients", "lst_data_table":"", "lst_filter_tag_level_1":"fruits", "lst_filter_tag_level_2":"Betaine", "lst_filter_tag_level_3":"", "related_posts":"'fruits-rich-in-vitamin-folate', 'fruits-rich-in-vitamin-b12'", "lst_benefits":"Good for Heart Health, Improves Digestive Health, Improves Muscle Mass", "lst_benefits_link":"https://enzymedica.com/blogs/naturaldigestivehealth/unlocking-health-benefits-with-betaine", "lst_type_url_tag":"v", "lst_img_name":"fruits-rich-in-vitamin-betaine.jpg"},
 {"lst_id":15, "lst_name":"Fruits Rich in Pantothenic Acid (B5)", "lst_url":"fruits-rich-in-vitamin-b5-pantothenic-acid", "lst_type":"nutrients", "lst_data_table":"", "lst_filter_tag_level_1":"fruits", "lst_filter_tag_level_2":"Pantothenic Acid", "lst_filter_tag_level_3":"", "related_posts":"'fruits-rich-in-vitamin-folate', 'fruits-rich-in-vitamin-b6'", "lst_benefits":"Creates Red Blood Cells, Maintains Healthy Digestive Health, Creates Sex and Stress Hormones", "lst_benefits_link":"https://www.livescience.com/51640-b5-pantothenic-acid.html", "lst_type_url_tag":"v", "lst_img_name":"fruits-rich-in-vitamin-b5-pantothenic-acid.jpg"},
 {"lst_id":16, "lst_name":"Fruits Good for Immunity", "lst_url":"fruits-good-for-immunity", "lst_type":"recommended-for", "lst_data_table":"nu_recommended_for_display_text", "lst_filter_tag_level_1":"fruits", "lst_filter_tag_level_2":"Immunity", "lst_filter_tag_level_3":"", "related_posts":"", "lst_benefits":"", "lst_benefits_link":"", "lst_type_url_tag":"r", "lst_img_name":"fruits-good-for-immunity.jpg"},
 {"lst_id":17, "lst_name":"Fruits and their Health Benefits", "lst_url":"health-benefits-fruits", "lst_type":"food-items", "lst_data_table":"", "lst_filter_tag_level_1":"fruits", "lst_filter_tag_level_2":"", "lst_filter_tag_level_3":"", "related_posts":"", "lst_benefits":"", "lst_benefits_link":"", "lst_type_url_tag":"", "lst_img_name":"health-benefits-fruits.jpg"}]