[{"rec_id":1, "nu_item_name":"Apples Raw with Skin", "nu_url_item_name":"apples-raw-with-skin-nutritional-value-per-100-grams", "rec_item_name":"Heart Health", "rec_nutrient_names_display_text":"Omega 3 - 8.96mg | Omega 6 - 43.04mg | Vitamin K - 2.24mcg", "rec_nutrient_display_text_html":"<li>Omega 3 and Omega 6 in apple lower blood pressure and protect against heart diseases and stroke. </li><li>Vitamin K helps to regulate blood clotting, menstrual flow and pain. </li><li>Apple has strong antioxidant activity and effectively lowers LDL(bad cholesterol). Phytochemicals in apple reduce risk of cardiovascular disease and diabetes. (<a title=\"R\" href=\"https://www.ncbi.nlm.nih.gov/pmc/articles/PMC442131/\" target=\"_blank\" rel=\"noopener\"><strong>R</strong></a>)</li>", "rec_tag_1":"fruits", "rec_item_image_name":"apples-raw-with-skin.jpg"},
 {"rec_id":2, "nu_item_name":"Apples Raw with Skin", "nu_url_item_name":"apples-raw-with-skin-nutritional-value-per-100-grams", "rec_item_name":"Immunity", "rec_nutrient_names_display_text":"Vitamin C - 4.56mg", "rec_nutrient_display_text_html":"<li>Vitamin C improves immunity</li>", "rec_tag_1":"fruits", "rec_item_image_name":"apples-raw-with-skin.jpg"},
 {"rec_id":3, "nu_item_name":"Apples Raw with Skin", "nu_url_item_name":"apples-raw-with-skin-nutritional-value-per-100-grams", "rec_item_name":"Strong Bones", "rec_nutrient_names_display_text":"Calcium - 6mg | Phosphorus - 11.04mg | Vitamin K - 2.24mcg", "rec_nutrient_display_text_html":"<li>Calcium, Phosphorous and Vitamin K help build healthy bones.</li>", "rec_tag_1":"fruits", "rec_item_image_name":"apples-raw-with-skin.jpg"},
 {"rec_id":4, "nu_item_name":"Apples Raw with Skin", "nu_url_item_name":"apples-raw-with-skin-nutritional-value-per-100-grams", "rec_item_name":"Reduces Inflammation", "rec_nutrient_names_display_text":"", "rec_nutrient_display_text_html":"<li>Apple is anti-inflammatory</li>", "rec_tag_1":"fruits", "rec_item_image_name":"apples-raw-with-skin.jpg"},
 {"rec_id":5, "nu_item_name":"Apples Raw with Skin", "nu_url_item_name":"apples-raw-with-skin-nutritional-value-per-100-grams", "rec_item_name":"Increased Energy", "rec_nutrient_names_display_text":"Total Carbohydrate - 13.84g", "rec_nutrient_display_text_html":"<li>Healthy carbohydrates help boost energy reserves.</li>", "rec_tag_1":"fruits", "rec_item_image_name":"apples-raw-with-skin.jpg"},
 {"rec_id":6, "nu_item_name":"Apples Raw with Skin", "nu_url_item_name":"apples-raw-with-skin-nutritional-value-per-100-grams", "rec_item_name":"Improves Digestive Health", "rec_nutrient_names_display_text":"Dietary Fiber - 2.4g", "rec_nutrient_display_text_html":"<li>Dietary fibre in apple aids digestion.</li>", "rec_tag_1":"fruits", "rec_item_image_name":"apples-raw-with-skin.jpg"},
 {"rec_id":7, "nu_item_name":"Bananas Raw", "nu_url_item_name":"bananas-raw-nutritional-value-per-100-grams", "rec_item_name":"Heart Health", "rec_nutrient_names_display_text":"Omega 6 - 45.78mg | Potassium - 358.22mg", "rec_nutrient_display_text_html":"<li>Omega 6 in banana regulates blood pressure and heart health. </li><li>Potassium rich banana reduces vascular calcification and aortic stiffness. (<a title=\"R\" href=\"https://www.healthline.com/health-news/lower-risk-of-heart-disease-eat-more-bananas\" target=\"_blank\" rel=\"noopener\"><strong>R</strong></a>)</li>", "rec_tag_1":"fruits", "rec_item_image_name":"bananas-raw.jpg"},
 {"rec_id":8, "nu_item_name":"Bananas Raw", "nu_url_item_name":"bananas-raw-nutritional-value-per-100-grams", "rec_item_name":"Immunity", "rec_nutrient_names_display_text":"Vitamin C - 8.71mg", "rec_nutrient_display_text_html":"<li>Vitamin C improves immunity.</li>", "rec_tag_1":"fruits", "rec_item_image_name":"bananas-raw.jpg"},
 {"rec_id":9, "nu_item_name":"Bananas Raw", "nu_url_item_name":"bananas-raw-nutritional-value-per-100-grams", "rec_item_name":"Enhanced Brain Function", "rec_nutrient_names_display_text":"Omega 6 - 45.78mg | Vitamin B6 - 0.36mg", "rec_nutrient_display_text_html":"<li>Omega-6 and Vitamin B6 helps to improve brain function, mood and sleep.</li>", "rec_tag_1":"fruits", "rec_item_image_name":"bananas-raw.jpg"},
 {"rec_id":10, "nu_item_name":"Bananas Raw", "nu_url_item_name":"bananas-raw-nutritional-value-per-100-grams", "rec_item_name":"Healthy Skin", "rec_nutrient_names_display_text":"Vitamin A - 64IU | Manganese - 0.27mg", "rec_nutrient_display_text_html":"<li>Vitamin A and manganese promote skin health.</li>", "rec_tag_1":"fruits", "rec_item_image_name":"bananas-raw.jpg"},
 {"rec_id":11, "nu_item_name":"Bananas Raw", "nu_url_item_name":"bananas-raw-nutritional-value-per-100-grams", "rec_item_name":"Joint Health", "rec_nutrient_names_display_text":"Omega 6 - 45.78mg | Magnesium - 27.02mg", "rec_nutrient_display_text_html":"<li>Omega 6 and magnesium improve joint health and reduce inflamation.</li>", "rec_tag_1":"fruits", "rec_item_image_name":"bananas-raw.jpg"},
 {"rec_id":12, "nu_item_name":"Bananas Raw", "nu_url_item_name":"bananas-raw-nutritional-value-per-100-grams", "rec_item_name":"Increased Energy", "rec_nutrient_names_display_text":"Total Carbohydrate - 22.84g", "rec_nutrient_display_text_html":"<li>Healthy carbohydrates help boost energy reserves.</li>", "rec_tag_1":"fruits", "rec_item_image_name":"bananas-raw.jpg"},
 {"rec_id":13, "nu_item_name":"Coconut", "nu_url_item_name":"coconut-raw-flesh-without-water-and-shell-nutritional-value-per-100-grams", "rec_item_name":"Heart Health", "rec_nutrient_names_display_text":"Omega 6 - 366.25mg | Iron - 2.38mg | Copper - 0.38mg", "rec_nutrient_display_text_html":"<li>Omega 6 in Coconut regulates blood pressure and reduces cholesterol. </li><li>Iron in coconut is good for healthy red blood cells and improves the oxygen carrying capacity of blood.</li><li>Copper aids with iron absorption.</li>", "rec_tag_1":"fruits", "rec_item_image_name":"coconut-raw-flesh-without-water-and-shell.jpg"},
 {"rec_id":14, "nu_item_name":"Coconut", "nu_url_item_name":"coconut-raw-flesh-without-water-and-shell-nutritional-value-per-100-grams", "rec_item_name":"Improves Digestive Health", "rec_nutrient_names_display_text":"Dietary Fiber - 9g", "rec_nutrient_display_text_html":"<li>Dietary fibre in coconut aids digestion.</li>", "rec_tag_1":"fruits", "rec_item_image_name":"coconut-raw-flesh-without-water-and-shell.jpg"},
 {"rec_id":15, "nu_item_name":"Coconut", "nu_url_item_name":"coconut-raw-flesh-without-water-and-shell-nutritional-value-per-100-grams", "rec_item_name":"Joint Health", "rec_nutrient_names_display_text":"Omega 6 - 366.25mg | Selenium - 10.13mcg", "rec_nutrient_display_text_html":"<li>Omega 6 and selenium improve joint health and reduce inflamation.</li>", "rec_tag_1":"fruits", "rec_item_image_name":"coconut-raw-flesh-without-water-and-shell.jpg"},
 {"rec_id":16, "nu_item_name":"Coconut", "nu_url_item_name":"coconut-raw-flesh-without-water-and-shell-nutritional-value-per-100-grams", "rec_item_name":"Strong Bones", "rec_nutrient_names_display_text":"Protein - 3.38g | Phosphorus - 113mg", "rec_nutrient_display_text_html":"<li>Protein and phosphorus help maintain healthy bones.</li>", "rec_tag_1":"fruits", "rec_item_image_name":"coconut-raw-flesh-without-water-and-shell.jpg"},
 {"rec_id":17, "nu_item_name":"Coconut", "nu_url_item_name":"coconut-raw-flesh-without-water-and-shell-nutritional-value-per-100-grams", "rec_item_name":"Immunity", "rec_nutrient_names_display_text":"Vitamin C - 3.25mg | Iron - 2.38mg | Selenium - 10.13mcg", "rec_nutrient_display_text_html":"<li>Coconut has anti-viral properties. Vitamin C, iron and selenium improve immunity.</li>", "rec_tag_1":"fruits", "rec_item_image_name":"coconut-raw-flesh-without-water-and-shell.jpg"},
 {"rec_id":18, "nu_item_name":"Coconut", "nu_url_item_name":"coconut-raw-flesh-without-water-and-shell-nutritional-value-per-100-grams", "rec_item_name":"Increased Energy", "rec_nutrient_names_display_text":"Copper - 0.38mg", "rec_nutrient_display_text_html":"<li>Copper helps boost energy reserves.</li>", "rec_tag_1":"fruits", "rec_item_image_name":"coconut-raw-flesh-without-water-and-shell.jpg"},
 {"rec_id":19, "nu_item_name":"Grapes Black and Green", "nu_url_item_name":"grapes-raw-red-or-green-nutritional-value-per-100-grams", "rec_item_name":"Heart Health", "rec_nutrient_names_display_text":"Omega 6 - 37.02mg | Omega 3 - 10.99mg | Vitamin C - 10.79mg | Vitamin K - 14.57mcg", "rec_nutrient_display_text_html":"<li>Omega 3 and Omega 6 helps to protect against heart diseases, stroke and diabetes.</li><li>Polyphenols in grapes protect from heart diseases. (<a title=\"R\" href=\"https://www.ncbi.nlm.nih.gov/pmc/articles/PMC2728695/\" target=\"_blank\" rel=\"noopener\"><strong>R</strong></a>)</li><li>Vitamin C is good for heart health. </li><li>Vitamin K regulates blood clotting, mentural flow and pain.</li><li>Resveratrol prevents heart related ailments. </li>", "rec_tag_1":"fruits", "rec_item_image_name":"grapes-raw-red-or-green.jpg"},
 {"rec_id":20, "nu_item_name":"Grapes Black and Green", "nu_url_item_name":"grapes-raw-red-or-green-nutritional-value-per-100-grams", "rec_item_name":"Immunity", "rec_nutrient_names_display_text":"Vitamin C - 10.79mg | Iron - 0.33mg", "rec_nutrient_display_text_html":"<li>Vitamin C and iron boost immunity.</li>", "rec_tag_1":"fruits", "rec_item_image_name":"grapes-raw-red-or-green.jpg"},
 {"rec_id":21, "nu_item_name":"Grapes Black and Green", "nu_url_item_name":"grapes-raw-red-or-green-nutritional-value-per-100-grams", "rec_item_name":"Joint Health", "rec_nutrient_names_display_text":"Omega 6 - 37.02mg | Omega 3 - 10.99mg", "rec_nutrient_display_text_html":"<li>Fatty acids and antioxidant resveratrol reduce inflammation.</li>", "rec_tag_1":"fruits", "rec_item_image_name":"grapes-raw-red-or-green.jpg"},
 {"rec_id":22, "nu_item_name":"Grapes Black and Green", "nu_url_item_name":"grapes-raw-red-or-green-nutritional-value-per-100-grams", "rec_item_name":"Weight Loss", "rec_nutrient_names_display_text":"Total Carbohydrate - 18.08g", "rec_nutrient_display_text_html":"<li>Healthy Carbohydrates help you feel full faster and aid in weight loss.</li>", "rec_tag_1":"fruits", "rec_item_image_name":"grapes-raw-red-or-green.jpg"},
 {"rec_id":23, "nu_item_name":"Grapes Black and Green", "nu_url_item_name":"grapes-raw-red-or-green-nutritional-value-per-100-grams", "rec_item_name":"Strong Bones", "rec_nutrient_names_display_text":"Vitamin K - 14.57mcg", "rec_nutrient_display_text_html":"<li>Vitamin K helps improve bone health.(<a title=\"R\" href=\"https://www.ncbi.nlm.nih.gov/pmc/articles/PMC5726210/\" target=\"_blank\" rel=\"noopener\"><strong>R</strong></a>)</li>", "rec_tag_1":"fruits", "rec_item_image_name":"grapes-raw-red-or-green.jpg"},
 {"rec_id":24, "nu_item_name":"Guava", "nu_url_item_name":"guava-raw-nutritional-value-per-100-grams", "rec_item_name":"Immunity", "rec_nutrient_names_display_text":"Vitamin C - 228.48mg", "rec_nutrient_display_text_html":"<li>Guava has anti-viral properties. Vitamin C and antioxidants strengthen immune system and help you fight illnesses.</li>", "rec_tag_1":"fruits", "rec_item_image_name":"guava.jpg"},
 {"rec_id":25, "nu_item_name":"Guava", "nu_url_item_name":"guava-raw-nutritional-value-per-100-grams", "rec_item_name":"Digestive Health", "rec_nutrient_names_display_text":"Total Carbohydrate - 14.3g | Dietary Fiber - 5.39g", "rec_nutrient_display_text_html":"<li>Carbohydrates and Fibre aid digestive health.</li>", "rec_tag_1":"fruits", "rec_item_image_name":"guava.jpg"},
 {"rec_id":26, "nu_item_name":"Guava", "nu_url_item_name":"guava-raw-nutritional-value-per-100-grams", "rec_item_name":"Enhanced Brain Function", "rec_nutrient_names_display_text":"Omega 3 - 112.12mg | Omega 6 - 287.88mg | Folate - 48.97mcg", "rec_nutrient_display_text_html":"<li>Omega 6, Omega 3 and Folate improve brain function and may aid memory</li>", "rec_tag_1":"fruits", "rec_item_image_name":"guava.jpg"},
 {"rec_id":27, "nu_item_name":"Guava", "nu_url_item_name":"guava-raw-nutritional-value-per-100-grams", "rec_item_name":"Strong Muscle", "rec_nutrient_names_display_text":"Potassium - 416.97mg", "rec_nutrient_display_text_html":"<li>Potassium helps strengthen muscles and ease muscle cramps.</li>", "rec_tag_1":"fruits", "rec_item_image_name":"guava.jpg"},
 {"rec_id":28, "nu_item_name":"Lychee", "nu_url_item_name":"lychee-raw-nutritional-value-per-100-grams", "rec_item_name":"Heart Health", "rec_nutrient_names_display_text":"Omega 3 - 65.26mg | Omega 6 - 66.84mg | Folate - 14mcg | Vitamin C - 71.58mg | Potassium - 171.05mg", "rec_nutrient_display_text_html":"<li>Omega 3 and Omega 6 in lychee regulate blood pressure, prevent heart stroke and diabetes. </li><li>Folate reduces risk of heart ailments and hypertension. </li><li>Vitamin C and Potassium lower the risk of cardiovascular disease. (<a title=\"R\" href=\"https://www.ncbi.nlm.nih.gov/pmc/articles/PMC3650509/\" target=\"_blank\" rel=\"noopener\"><strong>R</strong></a>)</li>", "rec_tag_1":"fruits", "rec_item_image_name":"lychee-raw.jpg"},
 {"rec_id":29, "nu_item_name":"Lychee", "nu_url_item_name":"lychee-raw-nutritional-value-per-100-grams", "rec_item_name":"Immunity", "rec_nutrient_names_display_text":"Vitamin C - 71.58mg", "rec_nutrient_display_text_html":"<li>Vitamin C boosts immunity</li>", "rec_tag_1":"fruits", "rec_item_image_name":"lychee-raw.jpg"},
 {"rec_id":30, "nu_item_name":"Lychee", "nu_url_item_name":"lychee-raw-nutritional-value-per-100-grams", "rec_item_name":"Strong Bones", "rec_nutrient_names_display_text":"Phosphorus - 31mg | Magnesium - 10mg", "rec_nutrient_display_text_html":"<li>Phosphorus and magnesium help build strong bones.</li>", "rec_tag_1":"fruits", "rec_item_image_name":"lychee-raw.jpg"},
 {"rec_id":31, "nu_item_name":"Lychee", "nu_url_item_name":"lychee-raw-nutritional-value-per-100-grams", "rec_item_name":"Increased Energy", "rec_nutrient_names_display_text":"Magnesium - 10mg | Niacin - 0.58mg", "rec_nutrient_display_text_html":"<li>Magnesium and Niacin boosts energy reserves of your body.</li>", "rec_tag_1":"fruits", "rec_item_image_name":"lychee-raw.jpg"},
 {"rec_id":32, "nu_item_name":"Lychee", "nu_url_item_name":"lychee-raw-nutritional-value-per-100-grams", "rec_item_name":"Improves Digestive Health", "rec_nutrient_names_display_text":"Dietary Fiber - 1.32g", "rec_nutrient_display_text_html":"<li>Dietary fibre in apple aids digestion.</li>", "rec_tag_1":"fruits", "rec_item_image_name":"lychee-raw.jpg"},
 {"rec_id":33, "nu_item_name":"Lychee", "nu_url_item_name":"lychee-raw-nutritional-value-per-100-grams", "rec_item_name":"Enhanced Brain Function", "rec_nutrient_names_display_text":"Omega 3 - 65.26mg | Omega 6 - 66.84mg | Folate - 14mcg", "rec_nutrient_display_text_html":"<li>Omega 6, Omega 3 and Folate improve brain function and may aid memory.</li>", "rec_tag_1":"fruits", "rec_item_image_name":"lychee-raw.jpg"},
 {"rec_id":34, "nu_item_name":"Mango", "nu_url_item_name":"mango-raw-nutritional-value-per-100-grams", "rec_item_name":"Heart Health", "rec_nutrient_names_display_text":"Omega 3 - 37.03mg | Omega 6 - 14mg | Potassium - 155.76mg | Vitamin K - 4.18mcg | Folate - 14mcg", "rec_nutrient_display_text_html":"<li>Omega 3, Omega 6 and Potassium in Mango help protect body against stroke, heart ailments and diabetes. </li><li>Folate reduces risk of heart ailments and lowers blood pressure. </li><li>Vitamin K regulates blood clotting, mentural flow and pain. </li>", "rec_tag_1":"fruits", "rec_item_image_name":"mango-raw.jpg"},
 {"rec_id":35, "nu_item_name":"Mango", "nu_url_item_name":"mango-raw-nutritional-value-per-100-grams", "rec_item_name":"Immunity", "rec_nutrient_names_display_text":"Vitamin C - 27.7mg", "rec_nutrient_display_text_html":"<li>Mango has anti-viral properties. Vitamin C and antioxidants strengthen immune system and helps you fight illnesses.</li>", "rec_tag_1":"fruits", "rec_item_image_name":"mango-raw.jpg"},
 {"rec_id":36, "nu_item_name":"Mango", "nu_url_item_name":"mango-raw-nutritional-value-per-100-grams", "rec_item_name":"Eye Health", "rec_nutrient_names_display_text":"Vitamin A - 764.85IU", "rec_nutrient_display_text_html":"<li>Vitamin A improves eye health and protects you against cataracts and macular degeneration.</li>", "rec_tag_1":"fruits", "rec_item_image_name":"mango-raw.jpg"},
 {"rec_id":37, "nu_item_name":"Mango", "nu_url_item_name":"mango-raw-nutritional-value-per-100-grams", "rec_item_name":"Increased Energy", "rec_nutrient_names_display_text":"Magnesium - 8.97mg | Niacin - 0.61mg", "rec_nutrient_display_text_html":"<li>Magnesium and Niacin boosts energy reserves of your body.</li>", "rec_tag_1":"fruits", "rec_item_image_name":"mango-raw.jpg"},
 {"rec_id":38, "nu_item_name":"Mango", "nu_url_item_name":"mango-raw-nutritional-value-per-100-grams", "rec_item_name":"Improves Digestive Health", "rec_nutrient_names_display_text":"Dietary Fiber - 1.82g | Total Carbohydrate - 17.03g", "rec_nutrient_display_text_html":"<li>Dietary fibre and carbohydrates aid digestion.</li>", "rec_tag_1":"fruits", "rec_item_image_name":"mango-raw.jpg"},
 {"rec_id":39, "nu_item_name":"Mango", "nu_url_item_name":"mango-raw-nutritional-value-per-100-grams", "rec_item_name":"Enhanced Brain Function", "rec_nutrient_names_display_text":"Omega 3 - 37.03mg | Omega 6 - 14mg | Folate - 14mcg", "rec_nutrient_display_text_html":"<li>Omega 6, Omega 3 and Folate improve brain function and may aid memory.</li>", "rec_tag_1":"fruits", "rec_item_image_name":"mango-raw.jpg"},
 {"rec_id":40, "nu_item_name":"Mango", "nu_url_item_name":"mango-raw-nutritional-value-per-100-grams", "rec_item_name":"Possible Cancer Prevention", "rec_nutrient_names_display_text":"Vitamin E - 1.09mg", "rec_nutrient_display_text_html":"<li>Vitamin E and antioxidants protect you against cancer.</li>", "rec_tag_1":"fruits", "rec_item_image_name":"mango-raw.jpg"},
 {"rec_id":41, "nu_item_name":"Mango", "nu_url_item_name":"mango-raw-nutritional-value-per-100-grams", "rec_item_name":"Healthy Skin", "rec_nutrient_names_display_text":"Vitamin E - 1.09mg | Vitamin A - 764.85IU | Omega 3 - 37.03mg | Omega 6 - 14mg", "rec_nutrient_display_text_html":"<li>Vitamin E, Vitamin A and fatty acids improve skin health.</li>", "rec_tag_1":"fruits", "rec_item_image_name":"mango-raw.jpg"},
 {"rec_id":42, "nu_item_name":"Orange", "nu_url_item_name":"orange-raw-nutritional-value-per-100-grams", "rec_item_name":"Heart Health", "rec_nutrient_names_display_text":"Omega 3 - 7mg | Omega 6 - 18mg | Vitamin C - 53.22mg | Potassium - 181.11mg", "rec_nutrient_display_text_html":"<li>Omega 3, Omega 6 in Orange help protect body against stroke, heart ailments and diabetes. </li><li>Vitamin C and Potassium lower the risk of cardiovascular diseases. (<a title=\"R\" href=\"https://www.ncbi.nlm.nih.gov/pmc/articles/PMC3650509/\" target=\"_blank\" rel=\"noopener\"><strong>R</strong></a>)</li><li>Folate reduces risk of heart ailments and lowers blood pressure. </li>", "rec_tag_1":"fruits", "rec_item_image_name":"orange-raw.jpg"},
 {"rec_id":43, "nu_item_name":"Orange", "nu_url_item_name":"orange-raw-nutritional-value-per-100-grams", "rec_item_name":"Immunity", "rec_nutrient_names_display_text":"Vitamin C - 53.22mg", "rec_nutrient_display_text_html":"<li>Orange has anti-viral properties. Vitamin C and antioxidants strengthens immune system and helps you fight illnesses. </li>", "rec_tag_1":"fruits", "rec_item_image_name":"orange-raw.jpg"},
 {"rec_id":44, "nu_item_name":"Orange", "nu_url_item_name":"orange-raw-nutritional-value-per-100-grams", "rec_item_name":"Eye Health", "rec_nutrient_names_display_text":"Vitamin A - 225IU", "rec_nutrient_display_text_html":"<li>Vitamin A improves eye health and protects you against cataracts and macular degeneration. </li>", "rec_tag_1":"fruits", "rec_item_image_name":"orange-raw.jpg"},
 {"rec_id":45, "nu_item_name":"Orange", "nu_url_item_name":"orange-raw-nutritional-value-per-100-grams", "rec_item_name":"Increased Energy", "rec_nutrient_names_display_text":"Total Carbohydrate - 11.72g | Magnesium - 10mg", "rec_nutrient_display_text_html":"<li>Carbohydrates and Magnesium boost energy reserves of your body. </li>", "rec_tag_1":"fruits", "rec_item_image_name":"orange-raw.jpg"},
 {"rec_id":46, "nu_item_name":"Orange", "nu_url_item_name":"orange-raw-nutritional-value-per-100-grams", "rec_item_name":"Improves Digestive Health", "rec_nutrient_names_display_text":"Dietary Fiber - 2.39g | Total Carbohydrate - 11.72g", "rec_nutrient_display_text_html":"<li>Dietary Fibre and carbohydrates aid digestion. </li>", "rec_tag_1":"fruits", "rec_item_image_name":"orange-raw.jpg"},
 {"rec_id":47, "nu_item_name":"Orange", "nu_url_item_name":"orange-raw-nutritional-value-per-100-grams", "rec_item_name":"Enhanced Brain Function", "rec_nutrient_names_display_text":"Omega 3 - 7mg | Omega 6 - 18mg | Folate - 30mcg", "rec_nutrient_display_text_html":"<li>Omega 6, Omega 3 and Folate improve brain function and may aid memory. </li>", "rec_tag_1":"fruits", "rec_item_image_name":"orange-raw.jpg"},
 {"rec_id":48, "nu_item_name":"Orange", "nu_url_item_name":"orange-raw-nutritional-value-per-100-grams", "rec_item_name":"Healthy Skin", "rec_nutrient_names_display_text":"Vitamin A - 225IU | Omega 3 - 7mg | Omega 6 - 18mg", "rec_nutrient_display_text_html":"<li>Vitamin A and fatty acids improve skin health and help prevent acne. </li>", "rec_tag_1":"fruits", "rec_item_image_name":"orange-raw.jpg"},
 {"rec_id":49, "nu_item_name":"Orange", "nu_url_item_name":"orange-raw-nutritional-value-per-100-grams", "rec_item_name":"Strong Bones", "rec_nutrient_names_display_text":"Calcium - 40mg | Magnesium - 10mg", "rec_nutrient_display_text_html":"<li>Calcium and Magnesium help build strong bones. </li>", "rec_tag_1":"fruits", "rec_item_image_name":"orange-raw.jpg"},
 {"rec_id":50, "nu_item_name":"Orange", "nu_url_item_name":"orange-raw-nutritional-value-per-100-grams", "rec_item_name":"Strong Muscles", "rec_nutrient_names_display_text":"Potassium - 181.11mg", "rec_nutrient_display_text_html":"<li>Potassium help strengthen muscles and ease muscle cramps. </li>", "rec_tag_1":"fruits", "rec_item_image_name":"orange-raw.jpg"},
 {"rec_id":51, "nu_item_name":"Papaya", "nu_url_item_name":"papaya-raw-nutritional-value-per-100-grams", "rec_item_name":"Heart Health", "rec_nutrient_names_display_text":"Omega 3 - 25mg | Omega 6 - 6mg | Vitamin C - 61.79mg | Vitamin E - 0.71mg | Vitamin K - 2.57mcg", "rec_nutrient_display_text_html":"<li>Omega 3, Omega 6 in Papaya protects body against heart ailments, diabetes and high blood pressure. </li><li>Vitamin C, E and Potassium promote heart health. </li><li>Vitamin K regulates blood clotting, mentural flow and pain. </li><li>Folate reduces risk of heart ailments and lowers blood pressure. </li>", "rec_tag_1":"fruits", "rec_item_image_name":"papaya-raw.jpg"},
 {"rec_id":52, "nu_item_name":"Papaya", "nu_url_item_name":"papaya-raw-nutritional-value-per-100-grams", "rec_item_name":"Immunity", "rec_nutrient_names_display_text":"Vitamin C - 61.79mg | Vitamin E - 0.71mg", "rec_nutrient_display_text_html":"<li>Vitamin C, Vitamin E and antioxidants strengthens immune system and helps you fight illnesses. </li>", "rec_tag_1":"fruits", "rec_item_image_name":"papaya-raw.jpg"},
 {"rec_id":53, "nu_item_name":"Papaya", "nu_url_item_name":"papaya-raw-nutritional-value-per-100-grams", "rec_item_name":"Improves Digestive Health", "rec_nutrient_names_display_text":"Dietary Fiber - 1.79g | Total Carbohydrate - 9.79g", "rec_nutrient_display_text_html":"<li>Digestive Enzymes, Dietary Fibre and Carbohydrates aid digestion. </li>", "rec_tag_1":"fruits", "rec_item_image_name":"papaya-raw.jpg"},
 {"rec_id":54, "nu_item_name":"Papaya", "nu_url_item_name":"papaya-raw-nutritional-value-per-100-grams", "rec_item_name":"Eye Health", "rec_nutrient_names_display_text":"Vitamin A - 1093.57IU", "rec_nutrient_display_text_html":"<li>Vitamin A improves eye health and protects you against cataracts and macular degeneration. </li>", "rec_tag_1":"fruits", "rec_item_image_name":"papaya-raw.jpg"},
 {"rec_id":55, "nu_item_name":"Papaya", "nu_url_item_name":"papaya-raw-nutritional-value-per-100-grams", "rec_item_name":"Enhanced Brain Function", "rec_nutrient_names_display_text":"Omega 3 - 25mg | Omega 6 - 6mg | Folate - 38mcg", "rec_nutrient_display_text_html":"<li>Omega 6, Omega 3 and Folate improve brain function and may aid memory. </li>", "rec_tag_1":"fruits", "rec_item_image_name":"papaya-raw.jpg"},
 {"rec_id":56, "nu_item_name":"Papaya", "nu_url_item_name":"papaya-raw-nutritional-value-per-100-grams", "rec_item_name":"Healthy Skin", "rec_nutrient_names_display_text":"Vitamin A - 1093.57IU | Omega 3 - 25mg | Omega 6 - 6mg", "rec_nutrient_display_text_html":"<li>Vitamin A and fatty acids improve skin health and help prevent acne. </li>", "rec_tag_1":"fruits", "rec_item_image_name":"papaya-raw.jpg"},
 {"rec_id":57, "nu_item_name":"Papaya", "nu_url_item_name":"papaya-raw-nutritional-value-per-100-grams", "rec_item_name":"Strong Muscles", "rec_nutrient_names_display_text":"Potassium - 257.14mg", "rec_nutrient_display_text_html":"<li>Potassium helps strengthen muscles and ease muscle cramps. </li>", "rec_tag_1":"fruits", "rec_item_image_name":"papaya-raw.jpg"},
 {"rec_id":58, "nu_item_name":"Peach", "nu_url_item_name":"peach-raw-nutritional-value-per-100-grams", "rec_item_name":"Heart Health", "rec_nutrient_names_display_text":"Omega 3 - 2mg | Omega 6 - 84mg | Vitamin C - 6.63mg | Vitamin E - 0.74mg | Potassium - 190.29mg | Vitamin K - 2.63mcg", "rec_nutrient_display_text_html":"<li>Omega 3, Omega 6 in Papaya protects body against heart ailments, diabetes and high blood pressure. </li><li>Vitamin C, E and Potassium promote heart health. </li><li>Vitamin K regulates blood clotting, mentural flow and pain. </li>", "rec_tag_1":"fruits", "rec_item_image_name":"peach-raw.jpg"},
 {"rec_id":59, "nu_item_name":"Peach", "nu_url_item_name":"peach-raw-nutritional-value-per-100-grams", "rec_item_name":"Immunity", "rec_nutrient_names_display_text":"Vitamin C - 6.63mg | Vitamin E - 0.74mg", "rec_nutrient_display_text_html":"<li>Peach has anti-viral properties. Vitamin C and E strengthens immune system and helps you fight illnesses. </li>", "rec_tag_1":"fruits", "rec_item_image_name":"peach-raw.jpg"},
 {"rec_id":60, "nu_item_name":"Peach", "nu_url_item_name":"peach-raw-nutritional-value-per-100-grams", "rec_item_name":"Improves Digestive Health", "rec_nutrient_names_display_text":"Dietary Fiber - 1.49g | Total Carbohydrate - 9.89g", "rec_nutrient_display_text_html":"<li>Dietary Fibre and carbohydrates aid digestion. </li>", "rec_tag_1":"fruits", "rec_item_image_name":"peach-raw.jpg"},
 {"rec_id":61, "nu_item_name":"Peach", "nu_url_item_name":"peach-raw-nutritional-value-per-100-grams", "rec_item_name":"Eye Health", "rec_nutrient_names_display_text":"Vitamin A - 325.71IU", "rec_nutrient_display_text_html":"<li>Vitamin A improves eye health and protects you against cataracts and macular degeneration. </li>", "rec_tag_1":"fruits", "rec_item_image_name":"peach-raw.jpg"},
 {"rec_id":62, "nu_item_name":"Peach", "nu_url_item_name":"peach-raw-nutritional-value-per-100-grams", "rec_item_name":"Enhanced Brain Function", "rec_nutrient_names_display_text":"Omega 3 - 2mg | Omega 6 - 84mg", "rec_nutrient_display_text_html":"<li>Omega 6 and Omega 3 improve brain function and may aid memory. </li>", "rec_tag_1":"fruits", "rec_item_image_name":"peach-raw.jpg"},
 {"rec_id":63, "nu_item_name":"Peach", "nu_url_item_name":"peach-raw-nutritional-value-per-100-grams", "rec_item_name":"Healthy Skin", "rec_nutrient_names_display_text":"Vitamin A - 325.71IU | Omega 3 - 2mg | Omega 6 - 84mg", "rec_nutrient_display_text_html":"<li>Vitamin A and fatty acids improve skin health and help prevent acne. </li>", "rec_tag_1":"fruits", "rec_item_image_name":"peach-raw.jpg"},
 {"rec_id":64, "nu_item_name":"Peach", "nu_url_item_name":"peach-raw-nutritional-value-per-100-grams", "rec_item_name":"Strong Bones", "rec_nutrient_names_display_text":"Magnesium - 8.97mg | Vitamin K - 2.63mcg | Phosphorus - 20mg", "rec_nutrient_display_text_html":"<li>Magnesium, Vitamin K and phosphorus aids in building strong bones. </li>", "rec_tag_1":"fruits", "rec_item_image_name":"peach-raw.jpg"},
 {"rec_id":65, "nu_item_name":"Peach", "nu_url_item_name":"peach-raw-nutritional-value-per-100-grams", "rec_item_name":"Strong Muscles", "rec_nutrient_names_display_text":"Potassium - 190.29mg", "rec_nutrient_display_text_html":"<li>Potassium helps strengthen muscles and ease muscle cramps. </li>", "rec_tag_1":"fruits", "rec_item_image_name":"peach-raw.jpg"},
 {"rec_id":66, "nu_item_name":"Pear", "nu_url_item_name":"pear-raw-nutritional-value-per-100-grams", "rec_item_name":"Heart Health", "rec_nutrient_names_display_text":"Omega 6 - 28.99mg | Vitamin C - 4.19mg | Vitamin K - 4.53mcg", "rec_nutrient_display_text_html":"<li>Omega 6, Potassium and Vitamin C in Pear are good for Heart Health. </li><li>Vitamin K regulates blood clotting, mentural flow and pain. </li><li>Folate reduces risk of heart ailments and lowers blood pressure. </li>", "rec_tag_1":"fruits", "rec_item_image_name":"pear-raw.jpg"},
 {"rec_id":67, "nu_item_name":"Pear", "nu_url_item_name":"pear-raw-nutritional-value-per-100-grams", "rec_item_name":"Immunity", "rec_nutrient_names_display_text":"Vitamin C - 4.19mg", "rec_nutrient_display_text_html":"<li>Vitamin C strengthens immune system. </li>", "rec_tag_1":"fruits", "rec_item_image_name":"pear-raw.jpg"},
 {"rec_id":68, "nu_item_name":"Pear", "nu_url_item_name":"pear-raw-nutritional-value-per-100-grams", "rec_item_name":"Improves Digestive Health", "rec_nutrient_names_display_text":"Dietary Fiber - 3.11g | Total Carbohydrate - 15.47g", "rec_nutrient_display_text_html":"<li>Dietary Fibre and carbohydrates aid digestion. </li>", "rec_tag_1":"fruits", "rec_item_image_name":"pear-raw.jpg"},
 {"rec_id":69, "nu_item_name":"Pear", "nu_url_item_name":"pear-raw-nutritional-value-per-100-grams", "rec_item_name":"Increased Energy", "rec_nutrient_names_display_text":"Total Carbohydrate - 15.47g", "rec_nutrient_display_text_html":"<li>Healthy Carbohydrates gives you a energy boost. </li>", "rec_tag_1":"fruits", "rec_item_image_name":"pear-raw.jpg"},
 {"rec_id":70, "nu_item_name":"Pear", "nu_url_item_name":"pear-raw-nutritional-value-per-100-grams", "rec_item_name":"Strong Bones", "rec_nutrient_names_display_text":"Calcium - 8.99mg | Vitamin K - 4.53mcg | Phosphorus - 11.01mg", "rec_nutrient_display_text_html":"<li>Calcium, Vitamin K and phosphorus aids in building strong bones. </li>", "rec_tag_1":"fruits", "rec_item_image_name":"pear-raw.jpg"},
 {"rec_id":71, "nu_item_name":"Pear", "nu_url_item_name":"pear-raw-nutritional-value-per-100-grams", "rec_item_name":"Strong Muscles", "rec_nutrient_names_display_text":"Potassium - 118.92mg", "rec_nutrient_display_text_html":"<li>Potassium helps strengthen muscles and ease muscle cramps. </li>", "rec_tag_1":"fruits", "rec_item_image_name":"pear-raw.jpg"},
 {"rec_id":72, "nu_item_name":"Pineapple", "nu_url_item_name":"pineapple-raw-nutritional-value-per-100-grams", "rec_item_name":"Heart Health", "rec_nutrient_names_display_text":"Omega 3 - 17.03mg | Omega 6 - 23.03mg | Potassium - 109.09mg | Vitamin C - 47.82mg | Folate - 18mcg", "rec_nutrient_display_text_html":"<li>Omega 3, Omega 6 and Potassium in Pineapple help protect body against stroke, heart ailments and diabetes. </li><li>Vitamin C promote heart health. </li><li>Folate reduces risk of heart ailments and lowers blood pressure. </li>", "rec_tag_1":"fruits", "rec_item_image_name":"pineapple-raw.jpg"},
 {"rec_id":73, "nu_item_name":"Pineapple", "nu_url_item_name":"pineapple-raw-nutritional-value-per-100-grams", "rec_item_name":"Immunity", "rec_nutrient_names_display_text":"Vitamin C - 47.82mg", "rec_nutrient_display_text_html":"<li>Antioxidants and Vitamin C strengthens immune system and helps your body fight illness.</li>", "rec_tag_1":"fruits", "rec_item_image_name":"pineapple-raw.jpg"},
 {"rec_id":74, "nu_item_name":"Pineapple", "nu_url_item_name":"pineapple-raw-nutritional-value-per-100-grams", "rec_item_name":"Healthy Skin", "rec_nutrient_names_display_text":"Magnesium - 12mg | Omega 3 - 17.03mg | Omega 6 - 23.03mg", "rec_nutrient_display_text_html":"<li>Magnesium and fatty acids promote skin health.</li>", "rec_tag_1":"fruits", "rec_item_image_name":"pineapple-raw.jpg"},
 {"rec_id":75, "nu_item_name":"Pineapple", "nu_url_item_name":"pineapple-raw-nutritional-value-per-100-grams", "rec_item_name":"Increased Energy", "rec_nutrient_names_display_text":"Magnesium - 12mg | Niacin - 0.48mg", "rec_nutrient_display_text_html":"<li>Magnesium and Niacin provides you an energy boost.</li>", "rec_tag_1":"fruits", "rec_item_image_name":"pineapple-raw.jpg"},
 {"rec_id":76, "nu_item_name":"Pineapple", "nu_url_item_name":"pineapple-raw-nutritional-value-per-100-grams", "rec_item_name":"Enhanced Brain Function", "rec_nutrient_names_display_text":"Omega 6 - 23.03mg | Omega 3 - 17.03mg", "rec_nutrient_display_text_html":"<li>Omega 6, Omega 3 improve brain function and may aid memory.</li>", "rec_tag_1":"fruits", "rec_item_image_name":"pineapple-raw.jpg"},
 {"rec_id":77, "nu_item_name":"Pineapple", "nu_url_item_name":"pineapple-raw-nutritional-value-per-100-grams", "rec_item_name":"Joint Health", "rec_nutrient_names_display_text":"Omega 6 - 23.03mg | Magnesium - 12mg", "rec_nutrient_display_text_html":"<li>Enzyme Bromelain reduces arthritis. Omega 6 and Magnesium reduce joint inflammation.</li>", "rec_tag_1":"fruits", "rec_item_image_name":"pineapple-raw.jpg"},
 {"rec_id":78, "nu_item_name":"Plum", "nu_url_item_name":"plum-raw-nutritional-value-per-100-grams", "rec_item_name":"Heart Health", "rec_nutrient_names_display_text":"Omega 6 - 44mg | Potassium - 156.97mg", "rec_nutrient_display_text_html":"<li>Omega 6 in Plum help protect body against stroke, heart ailments and diabetes.</li><li>Potassium lowers the risk of heart ailments.  (<a title=\"R\" href=\"https://www.ncbi.nlm.nih.gov/pmc/articles/PMC3650509/\" target=\"_blank\" rel=\"noopener\"><strong>R</strong></a>)</li>", "rec_tag_1":"fruits", "rec_item_image_name":"plum-raw.jpg"},
 {"rec_id":79, "nu_item_name":"Plum", "nu_url_item_name":"plum-raw-nutritional-value-per-100-grams", "rec_item_name":"Immunity", "rec_nutrient_names_display_text":"Vitamin C - 9.52mg", "rec_nutrient_display_text_html":"<li>Plum has anti-viral properties. Antioxidants and Vitamin C strengthens immune system and helps your body fight illness.</li>", "rec_tag_1":"fruits", "rec_item_image_name":"plum-raw.jpg"},
 {"rec_id":80, "nu_item_name":"Plum", "nu_url_item_name":"plum-raw-nutritional-value-per-100-grams", "rec_item_name":"Healthy Skin", "rec_nutrient_names_display_text":"Vitamin A - 344.85IU", "rec_nutrient_display_text_html":"<li>Vitamin A improves skin health.</li>", "rec_tag_1":"fruits", "rec_item_image_name":"plum-raw.jpg"},
 {"rec_id":81, "nu_item_name":"Plum", "nu_url_item_name":"plum-raw-nutritional-value-per-100-grams", "rec_item_name":"Eye Health", "rec_nutrient_names_display_text":"Vitamin A - 344.85IU", "rec_nutrient_display_text_html":"<li>Vitamin A improves eye health and protects you against cataracts and macular degeneration.</li>", "rec_tag_1":"fruits", "rec_item_image_name":"plum-raw.jpg"},
 {"rec_id":82, "nu_item_name":"Plum", "nu_url_item_name":"plum-raw-nutritional-value-per-100-grams", "rec_item_name":"Strong Bones", "rec_nutrient_names_display_text":"Calcium - 6mg | Vitamin K - 6.42mcg", "rec_nutrient_display_text_html":"<li>Calcium and Vitamin K help build strong bones.</li>", "rec_tag_1":"fruits", "rec_item_image_name":"plum-raw.jpg"},
 {"rec_id":83, "nu_item_name":"Plum", "nu_url_item_name":"plum-raw-nutritional-value-per-100-grams", "rec_item_name":"Strong Muscles", "rec_nutrient_names_display_text":"Potassium - 156.97mg", "rec_nutrient_display_text_html":"<li>Potassium helps strengthen muscles and ease muscle cramps.</li>", "rec_tag_1":"fruits", "rec_item_image_name":"plum-raw.jpg"},
 {"rec_id":84, "nu_item_name":"Plum", "nu_url_item_name":"plum-raw-nutritional-value-per-100-grams", "rec_item_name":"Improves Digestive Health", "rec_nutrient_names_display_text":"Dietary Fiber - 1.39g | From Carbohydrate - 41.27(285 kJ)", "rec_nutrient_display_text_html":"<li>Dietary Fibre and Carbohydrates aid digestion.</li>", "rec_tag_1":"fruits", "rec_item_image_name":"plum-raw.jpg"},
 {"rec_id":85, "nu_item_name":"Plum", "nu_url_item_name":"plum-raw-nutritional-value-per-100-grams", "rec_item_name":"Weight Loss", "rec_nutrient_names_display_text":"Dietary Fiber - 1.39g | From Carbohydrate - 41.27(285 kJ)", "rec_nutrient_display_text_html":"<li>Diatery Fibre and Carbohydrates help you feel full faster and aid in weight loss.</li>", "rec_tag_1":"fruits", "rec_item_image_name":"plum-raw.jpg"},
 {"rec_id":86, "nu_item_name":"Pomegranate", "nu_url_item_name":"pomegranate-raw-nutritional-value-per-100-grams", "rec_item_name":"Heart Health", "rec_nutrient_names_display_text":"Omega 6 - 79.08mg | Vitamin C - 10.21mg | Potassium - 236.17mg", "rec_nutrient_display_text_html":"<li>Omega 6 in Pomegranate help protect body against stroke, heart ailments and diabetes.</li><li>Vitamin C and Potassium lowers the risk of heart diseases and promote heart health. (<a title=\"R\" href=\"https://www.ncbi.nlm.nih.gov/pmc/articles/PMC3650509/\" target=\"_blank\" rel=\"noopener\"><strong>R</strong></a>)</li><li>Vitamin K regulates blood clotting, mentural flow and pain.</li>\n", "rec_tag_1":"fruits", "rec_item_image_name":"pomegranate-raw.jpg"},
 {"rec_id":87, "nu_item_name":"Pomegranate", "nu_url_item_name":"pomegranate-raw-nutritional-value-per-100-grams", "rec_item_name":"Immunity", "rec_nutrient_names_display_text":"Vitamin C - 10.21mg", "rec_nutrient_display_text_html":"<li>Antioxidants and Vitamin C improves immunity</li>", "rec_tag_1":"fruits", "rec_item_image_name":"pomegranate-raw.jpg"},
 {"rec_id":88, "nu_item_name":"Pomegranate", "nu_url_item_name":"pomegranate-raw-nutritional-value-per-100-grams", "rec_item_name":"Strong Bones", "rec_nutrient_names_display_text":"Calcium - 10mg | Phosphorous - 10mg | Magnesium - 11.99mg | Vitamin K - 16.38mcg", "rec_nutrient_display_text_html":"<li>Calcium, Phosphorous, Magnesium and Vitamin K help build healthy bones.</li>", "rec_tag_1":"fruits", "rec_item_image_name":"pomegranate-raw.jpg"},
 {"rec_id":89, "nu_item_name":"Pomegranate", "nu_url_item_name":"pomegranate-raw-nutritional-value-per-100-grams", "rec_item_name":"Strong Muscle", "rec_nutrient_names_display_text":"Potassium - 236.17mg", "rec_nutrient_display_text_html":"<li>Potassium helps strengthen muscles and ease muscle cramps.</li>", "rec_tag_1":"fruits", "rec_item_image_name":"pomegranate-raw.jpg"},
 {"rec_id":90, "nu_item_name":"Pomegranate", "nu_url_item_name":"pomegranate-raw-nutritional-value-per-100-grams", "rec_item_name":"Reduces Inflammation", "rec_nutrient_names_display_text":"Vitamin C - 10.21mg", "rec_nutrient_display_text_html":"<li>Pomegranate is anti-inflammatory</li>", "rec_tag_1":"fruits", "rec_item_image_name":"pomegranate-raw.jpg"},
 {"rec_id":91, "nu_item_name":"Pomegranate", "nu_url_item_name":"pomegranate-raw-nutritional-value-per-100-grams", "rec_item_name":"Improves Digestive Health", "rec_nutrient_names_display_text":"Dietary Fiber - 4.01g | From Carbohydrate - 67.73(800 kJ)", "rec_nutrient_display_text_html":"<li>Carbohydrates and Dietary Fibre aids digestion.</li>", "rec_tag_1":"fruits", "rec_item_image_name":"pomegranate-raw.jpg"},
 {"rec_id":92, "nu_item_name":"Strawberries", "nu_url_item_name":"strawberries-raw-nutritional-value-per-100-grams", "rec_item_name":"Heart Health", "rec_nutrient_names_display_text":"Omega 3 - 65mg | Omega 6 - 90.13mg | Vitamin C - 58.82mg | Folate - 24.01mcg", "rec_nutrient_display_text_html":"<li>Omega 3, Omega 6 in Strawberries protects body against heart ailments, diabetes and high blood pressure.</li><li>Vitamin C and Potassium promote heart health.</li><li>Folate reduces risk of heart ailments and lowers blood pressure.</li>", "rec_tag_1":"fruits", "rec_item_image_name":"strawberries-raw.jpg"},
 {"rec_id":93, "nu_item_name":"Strawberries", "nu_url_item_name":"strawberries-raw-nutritional-value-per-100-grams", "rec_item_name":"Immunity", "rec_nutrient_names_display_text":"Vitamin C - 58.82mg", "rec_nutrient_display_text_html":"<li>Antioxidants and Vitamin C improves immunity</li>", "rec_tag_1":"fruits", "rec_item_image_name":"strawberries-raw.jpg"},
 {"rec_id":94, "nu_item_name":"Strawberries", "nu_url_item_name":"strawberries-raw-nutritional-value-per-100-grams", "rec_item_name":"Strong Bones", "rec_nutrient_names_display_text":"Calcium - 15.99mg", "rec_nutrient_display_text_html":"<li>Calcium builds healthy bones.</li>", "rec_tag_1":"fruits", "rec_item_image_name":"strawberries-raw.jpg"},
 {"rec_id":95, "nu_item_name":"Strawberries", "nu_url_item_name":"strawberries-raw-nutritional-value-per-100-grams", "rec_item_name":"Strong Muscle", "rec_nutrient_names_display_text":"Potassium - 153.29mg", "rec_nutrient_display_text_html":"<li>Potassium helps strengthen muscles and ease muscle cramps.</li>", "rec_tag_1":"fruits", "rec_item_image_name":"strawberries-raw.jpg"},
 {"rec_id":96, "nu_item_name":"Strawberries", "nu_url_item_name":"strawberries-raw-nutritional-value-per-100-grams", "rec_item_name":"Reduces Inflammation", "rec_nutrient_names_display_text":"", "rec_nutrient_display_text_html":"<li>Strawberries are anti-inflammatory</li>", "rec_tag_1":"fruits", "rec_item_image_name":"strawberries-raw.jpg"},
 {"rec_id":97, "nu_item_name":"Strawberries", "nu_url_item_name":"strawberries-raw-nutritional-value-per-100-grams", "rec_item_name":"Improves Digestive Health", "rec_nutrient_names_display_text":"Dietary Fiber - 1.97g | From Carbohydrate - 27.24(173 kJ)", "rec_nutrient_display_text_html":"<li>Carbohydrates and Fibre aid digestive health.</li>", "rec_tag_1":"fruits", "rec_item_image_name":"strawberries-raw.jpg"},
 {"rec_id":98, "nu_item_name":"Strawberries", "nu_url_item_name":"strawberries-raw-nutritional-value-per-100-grams", "rec_item_name":"Healthy Skin", "rec_nutrient_names_display_text":"Omega 3 - 65mg | Omega 6 - 90.13mg | Manganese - 0.39mg", "rec_nutrient_display_text_html":"<li>Fatty Acids and Manganese promote skin health.</li>", "rec_tag_1":"fruits", "rec_item_image_name":"strawberries-raw.jpg"},
 {"rec_id":99, "nu_item_name":"Watermelon", "nu_url_item_name":"watermelon-raw-nutritional-value-per-100-grams", "rec_item_name":"Heart Health", "rec_nutrient_names_display_text":"Omega 6 - 50mg | Vitamin C - 8.12mg | Potassium - 112.34mg", "rec_nutrient_display_text_html":"<li>Omega 6 in watermelon protects body against heart ailments, diabetes and high blood pressure. </li><li>Vitamin C and Potassium promote heart health. </li>", "rec_tag_1":"fruits", "rec_item_image_name":"watermelon-raw.jpg"},
 {"rec_id":100, "nu_item_name":"Watermelon", "nu_url_item_name":"watermelon-raw-nutritional-value-per-100-grams", "rec_item_name":"Immunity", "rec_nutrient_names_display_text":"Vitamin C - 8.12mg", "rec_nutrient_display_text_html":"<li>Antioxidants and Vitamin C improves immunity</li>", "rec_tag_1":"fruits", "rec_item_image_name":"watermelon-raw.jpg"},
 {"rec_id":101, "nu_item_name":"Watermelon", "nu_url_item_name":"watermelon-raw-nutritional-value-per-100-grams", "rec_item_name":"Strong Bones", "rec_nutrient_names_display_text":"Magnesium - 10mg", "rec_nutrient_display_text_html":"<li>Magnesium help build healthy bones.</li>", "rec_tag_1":"fruits", "rec_item_image_name":"watermelon-raw.jpg"},
 {"rec_id":102, "nu_item_name":"Watermelon", "nu_url_item_name":"watermelon-raw-nutritional-value-per-100-grams", "rec_item_name":"Strong Muscle", "rec_nutrient_names_display_text":"Potassium - 112.34mg", "rec_nutrient_display_text_html":"<li>Potassium helps strengthen muscles and ease muscle cramps.</li>", "rec_tag_1":"fruits", "rec_item_image_name":"watermelon-raw.jpg"},
 {"rec_id":103, "nu_item_name":"Watermelon", "nu_url_item_name":"watermelon-raw-nutritional-value-per-100-grams", "rec_item_name":"Eye Health", "rec_nutrient_names_display_text":"Vitamin A - 568.83IU", "rec_nutrient_display_text_html":"<li>Vitamin A improves eye health and protects you against cataracts and macular degeneration.</li>", "rec_tag_1":"fruits", "rec_item_image_name":"watermelon-raw.jpg"},
 {"rec_id":104, "nu_item_name":"Watermelon", "nu_url_item_name":"watermelon-raw-nutritional-value-per-100-grams", "rec_item_name":"Reduces Inflammation", "rec_nutrient_names_display_text":"", "rec_nutrient_display_text_html":"<li>Watermelon is anti-inflammatory</li>", "rec_tag_1":"fruits", "rec_item_image_name":"watermelon-raw.jpg"},
 {"rec_id":105, "nu_item_name":"Watermelon", "nu_url_item_name":"watermelon-raw-nutritional-value-per-100-grams", "rec_item_name":"Joint Health", "rec_nutrient_names_display_text":"Omega 6 - 50mg | Magnesium - 10mg", "rec_nutrient_display_text_html":"<li>Omega 6 and Magnesium reduce joint health.</li>", "rec_tag_1":"fruits", "rec_item_image_name":"watermelon-raw.jpg"}]