[{"rec_id":1, "nu_item_name":"Apples Raw with Skin", "nu_url_item_name":"apples-raw-with-skin-nutritional-value-per-100-grams", "rec_item_name":"Heart Health", "rec_item_text":"<p class=\"content-nutrition-facts\">Omega 3 - 8.96mg | Omega 6 - 43.04mg | Vitamin K - 2.24mcg</p>\n<ul class=\"recommended-for-bullets\"><li>Omega 3 and Omega 6 in apple lower blood pressure and protect against heart diseases and stroke. </li><li>Vitamin K helps to regulate blood clotting, menstrual flow and pain. </li><li>Apple has strong antioxidant activity and effectively lowers LDL(bad cholesterol). Phytochemicals in apple reduce risk of cardiovascular disease and diabetes. (<a title=\"R\" href=\"https://www.ncbi.nlm.nih.gov/pmc/articles/PMC442131/\" target=\"_blank\" rel=\"noopener\"><strong>R</strong></a>)</li></ul>", "rec_nutrient_names":"", "rec_nutrient_names_display_text":""},
 {"rec_id":2, "nu_item_name":"Apples Raw with Skin", "nu_url_item_name":"apples-raw-with-skin-nutritional-value-per-100-grams", "rec_item_name":"Immunity", "rec_item_text":"<p class=\"content-nutrition-facts\">Vitamin C - 4.56mg</p>\n<ul class=\"recommended-for-bullets\"><li>Vitamin C improves immunity</li></ul>", "rec_nutrient_names":"", "rec_nutrient_names_display_text":""},
 {"rec_id":3, "nu_item_name":"Apples Raw with Skin", "nu_url_item_name":"apples-raw-with-skin-nutritional-value-per-100-grams", "rec_item_name":"Strong Bones", "rec_item_text":"<p class=\"content-nutrition-facts\">Calcium - 6.0mg | Phosphorus 11.04mg | Vitamin K 2.24mcg</p>\n<ul class=\"recommended-for-bullets\"><li>Calcium, Phosphorous and Vitamin K help build healthy bones.</li></ul>", "rec_nutrient_names":"", "rec_nutrient_names_display_text":""},
 {"rec_id":4, "nu_item_name":"Apples Raw with Skin", "nu_url_item_name":"apples-raw-with-skin-nutritional-value-per-100-grams", "rec_item_name":"Reduces Inflammation", "rec_item_text":"<ul class=\"recommended-for-bullets\"><li>Apple is anti-inflammatory</li></ul>", "rec_nutrient_names":"", "rec_nutrient_names_display_text":""},
 {"rec_id":5, "nu_item_name":"Apples Raw with Skin", "nu_url_item_name":"apples-raw-with-skin-nutritional-value-per-100-grams", "rec_item_name":"Increased Energy", "rec_item_text":"<p class=\"content-nutrition-facts\">Total Carbohydrate - 13.84g</p>\n<ul class=\"recommended-for-bullets\"><li>Healthy carbohydrates help boost energy reserves.</li></ul>", "rec_nutrient_names":"", "rec_nutrient_names_display_text":""},
 {"rec_id":6, "nu_item_name":"Apples Raw with Skin", "nu_url_item_name":"apples-raw-with-skin-nutritional-value-per-100-grams", "rec_item_name":"Improves Digestive Health", "rec_item_text":"<p class=\"content-nutrition-facts\">Dietary Fiber - 2.4g</p>\n<ul class=\"recommended-for-bullets\"><li>Dietary fibre in apple aids digestion.</li></ul>", "rec_nutrient_names":"", "rec_nutrient_names_display_text":""},
 {"rec_id":7, "nu_item_name":"Bananas Raw", "nu_url_item_name":"bananas-raw-nutritional-value-per-100-grams", "rec_item_name":"Heart Health", "rec_item_text":"<p class=\"content-nutrition-facts\">Omega 6 - 45.78mg | Potassium - 358.22mg</p>\n<ul class=\"recommended-for-bullets\"><li>Omega 6 in banana regulates blood pressure and heart health. </li><li>Potassium rich banana reduces vascular calcification and aortic stiffness. (<a title=\"R\" href=\"https://www.healthline.com/health-news/lower-risk-of-heart-disease-eat-more-bananas\" target=\"_blank\" rel=\"noopener\"><strong>R</strong></a>)</li></ul>", "rec_nutrient_names":"", "rec_nutrient_names_display_text":""},
 {"rec_id":8, "nu_item_name":"Bananas Raw", "nu_url_item_name":"bananas-raw-nutritional-value-per-100-grams", "rec_item_name":"Immunity", "rec_item_text":"<p class=\"content-nutrition-facts\">Vitamin C - 8.71mg</p>\n<ul class=\"recommended-for-bullets\"><li>Vitamin C improves immunity.</li></ul>", "rec_nutrient_names":"", "rec_nutrient_names_display_text":""},
 {"rec_id":9, "nu_item_name":"Bananas Raw", "nu_url_item_name":"bananas-raw-nutritional-value-per-100-grams", "rec_item_name":"Enhanced Brain Function", "rec_item_text":"<p class=\"content-nutrition-facts\">Omega 6 - 45.78mg | Vitamin B6 - 0.36mg</p>\n<ul class=\"recommended-for-bullets\"><li>Omega-6 and Vitamin B6 helps to improve brain function, mood and sleep.</li></ul>", "rec_nutrient_names":"", "rec_nutrient_names_display_text":""},
 {"rec_id":10, "nu_item_name":"Bananas Raw", "nu_url_item_name":"bananas-raw-nutritional-value-per-100-grams", "rec_item_name":"Healthy Skin", "rec_item_text":"<p class=\"content-nutrition-facts\">Vitamin A - 64.0IU IU | Manganese - 0.27mg</p>\n<ul class=\"recommended-for-bullets\"><li>Vitamin A and manganese promote skin health.</li></ul>", "rec_nutrient_names":"", "rec_nutrient_names_display_text":""},
 {"rec_id":11, "nu_item_name":"Bananas Raw", "nu_url_item_name":"bananas-raw-nutritional-value-per-100-grams", "rec_item_name":"Joint Health", "rec_item_text":"<p class=\"content-nutrition-facts\">Omega 6 - 45.78mg | Magnesium 27.02mg</p>\n<ul class=\"recommended-for-bullets\"><li>Omega 6 and magnesium improve joint health and reduce inflamation.</li></ul>", "rec_nutrient_names":"", "rec_nutrient_names_display_text":""},
 {"rec_id":12, "nu_item_name":"Bananas Raw", "nu_url_item_name":"bananas-raw-nutritional-value-per-100-grams", "rec_item_name":"Increased Energy", "rec_item_text":"<p class=\"content-nutrition-facts\">Total Carbohydrate - 22.84g</p>\n<ul class=\"recommended-for-bullets\"><li>Healthy carbohydrates help boost energy reserves.</li></ul>", "rec_nutrient_names":"", "rec_nutrient_names_display_text":""},
 {"rec_id":13, "nu_item_name":"Coconut, Raw Flesh, without Water and Shell", "nu_url_item_name":"coconut-raw-flesh-without-water-and-shell-nutritional-value-per-100-grams", "rec_item_name":"Heart Health", "rec_item_text":"<p class=\"content-nutrition-facts\">Omega 6 - 366.25mg | Iron - 2.38mg | Copper - 0.38mg</p>\n<ul class=\"recommended-for-bullets\"><li>Omega 6 in Coconut regulates blood pressure and reduces cholesterol. </li><li>Iron in coconut is good for healthy red blood cells and improves the oxygen carrying capacity of blood.</li><li>Copper aids with iron absorption.</li></ul>", "rec_nutrient_names":"", "rec_nutrient_names_display_text":""},
 {"rec_id":14, "nu_item_name":"Coconut, Raw Flesh, without Water and Shell", "nu_url_item_name":"coconut-raw-flesh-without-water-and-shell-nutritional-value-per-100-grams", "rec_item_name":"Improves Digestive Health", "rec_item_text":"<p class=\"content-nutrition-facts\">Dietary Fiber - 9.0g</p>\n<ul class=\"recommended-for-bullets\"><li>Dietary fibre in coconut aids digestion.</li></ul>", "rec_nutrient_names":"", "rec_nutrient_names_display_text":""},
 {"rec_id":15, "nu_item_name":"Coconut, Raw Flesh, without Water and Shell", "nu_url_item_name":"coconut-raw-flesh-without-water-and-shell-nutritional-value-per-100-grams", "rec_item_name":"Joint Health", "rec_item_text":"<p class=\"content-nutrition-facts\">Omega 6 - 366.25mg | Selenium - 10.13mcg</p>\n<ul class=\"recommended-for-bullets\"><li>Omega 6 and selenium improve joint health and reduce inflamation.</li></ul>", "rec_nutrient_names":"", "rec_nutrient_names_display_text":""},
 {"rec_id":16, "nu_item_name":"Coconut, Raw Flesh, without Water and Shell", "nu_url_item_name":"coconut-raw-flesh-without-water-and-shell-nutritional-value-per-100-grams", "rec_item_name":"Strong Bones", "rec_item_text":"<p class=\"content-nutrition-facts\">Protein - 3.38g | Phosphorus - 113.0mg</p>\n<ul class=\"recommended-for-bullets\"><li>Protein and phosphorus help maintain healthy bones.</li></ul>", "rec_nutrient_names":"", "rec_nutrient_names_display_text":""},
 {"rec_id":17, "nu_item_name":"Coconut, Raw Flesh, without Water and Shell", "nu_url_item_name":"coconut-raw-flesh-without-water-and-shell-nutritional-value-per-100-grams", "rec_item_name":"Immunity", "rec_item_text":"<p class=\"content-nutrition-facts\">Vitamin C - 3.25mg | Iron - 2.38mg | Selenium - 10.13mcg</p>\n<ul class=\"recommended-for-bullets\"><li>Coconut has anti-viral properties. Vitamin C, iron and selenium improve immunity.</li></ul>", "rec_nutrient_names":"", "rec_nutrient_names_display_text":""},
 {"rec_id":18, "nu_item_name":"Coconut, Raw Flesh, without Water and Shell", "nu_url_item_name":"coconut-raw-flesh-without-water-and-shell-nutritional-value-per-100-grams", "rec_item_name":"Increased Energy", "rec_item_text":"<p class=\"content-nutrition-facts\">Copper - 0.38mg</p>\n<ul class=\"recommended-for-bullets\"><li>Copper helps boost energy reserves.</li></ul>", "rec_nutrient_names":"", "rec_nutrient_names_display_text":""},
 {"rec_id":19, "nu_item_name":"Grapes Black and Green", "nu_url_item_name":"grapes-raw-red-or-green-nutritional-value-per-100-grams", "rec_item_name":"Heart Health", "rec_item_text":"<p class=\"content-nutrition-facts\">Omega 6 - 37.02mg | Omega 3 - 10.99mg | Vitamin C - 10.79mg | Vitamin K - 14.57mcg</p>\n<ul class=\"recommended-for-bullets\"><li>Omega 3 and Omega 6 helps to protect against heart diseases, stroke and diabetes.</li><li>Polyphenols in grapes protect from heart diseases. (<a title=\"R\" href=\"https://www.ncbi.nlm.nih.gov/pmc/articles/PMC2728695/\" target=\"_blank\" rel=\"noopener\"><strong>R</strong></a>)</li><li>Vitamin C is good for heart health. </li><li>Vitamin K regulates blood clotting, mentural flow and pain.</li><li>Resveratrol prevents heart related ailments. </li></ul>", "rec_nutrient_names":"", "rec_nutrient_names_display_text":""},
 {"rec_id":20, "nu_item_name":"Grapes Black and Green", "nu_url_item_name":"grapes-raw-red-or-green-nutritional-value-per-100-grams", "rec_item_name":"Immunity", "rec_item_text":"<p class=\"content-nutrition-facts\">Vitamin C - 10.79mg | Iron 0.33mg</p>\n<ul class=\"recommended-for-bullets\"><li>Vitamin C and iron boost immunity.</li></ul>", "rec_nutrient_names":"", "rec_nutrient_names_display_text":""},
 {"rec_id":21, "nu_item_name":"Grapes Black and Green", "nu_url_item_name":"grapes-raw-red-or-green-nutritional-value-per-100-grams", "rec_item_name":"Joint Health", "rec_item_text":"<p class=\"content-nutrition-facts\">Omega 6 - 37.02mg | Omega 3 - 10.99mg</p>\n<ul class=\"recommended-for-bullets\"><li>Fatty acids and antioxidant resveratrol reduce inflammation.</li></ul>", "rec_nutrient_names":"", "rec_nutrient_names_display_text":""},
 {"rec_id":22, "nu_item_name":"Grapes Black and Green", "nu_url_item_name":"grapes-raw-red-or-green-nutritional-value-per-100-grams", "rec_item_name":"Weight Loss", "rec_item_text":"<p class=\"content-nutrition-facts\">Total Carbohydrate - 18.08g</p>\n<ul class=\"recommended-for-bullets\"><li>Healthy Carbohydrates help you feel full faster and aid in weight loss.</li></ul>", "rec_nutrient_names":"", "rec_nutrient_names_display_text":""},
 {"rec_id":23, "nu_item_name":"Grapes Black and Green", "nu_url_item_name":"grapes-raw-red-or-green-nutritional-value-per-100-grams", "rec_item_name":"Strong Bones", "rec_item_text":"<p class=\"content-nutrition-facts\">Vitamin K - 14.57mcg</p>\n<ul class=\"recommended-for-bullets\"><li>Vitamin K helps improve bone health.(<a title=\"R\" href=\"https://www.ncbi.nlm.nih.gov/pmc/articles/PMC5726210/\" target=\"_blank\" rel=\"noopener\"><strong>R</strong></a>)</li></ul>", "rec_nutrient_names":"", "rec_nutrient_names_display_text":""},
 {"rec_id":24, "nu_item_name":"Guava", "nu_url_item_name":"guava-raw-nutritional-value-per-100-grams", "rec_item_name":"Immunity", "rec_item_text":"<p class=\"content-nutrition-facts\">Vitamin C - 228.48mg</p>\n<ul class=\"recommended-for-bullets\"><li>Guava has anti-viral properties. Vitamin C and antioxidants strengthen immune system and help you fight illnesses.</li></ul>", "rec_nutrient_names":"", "rec_nutrient_names_display_text":""},
 {"rec_id":25, "nu_item_name":"Guava", "nu_url_item_name":"guava-raw-nutritional-value-per-100-grams", "rec_item_name":"Digestive Health", "rec_item_text":"<p class=\"content-nutrition-facts\">Total Carbohydrate - 14.3g | Dietary Fiber - 5.39g</p>\n<ul class=\"recommended-for-bullets\"><li>Carbohydrates and Fibre aid digestive health.</li></ul>", "rec_nutrient_names":"", "rec_nutrient_names_display_text":""},
 {"rec_id":26, "nu_item_name":"Guava", "nu_url_item_name":"guava-raw-nutritional-value-per-100-grams", "rec_item_name":"Enhanced Brain Function", "rec_item_text":"<p class=\"content-nutrition-facts\">Omega 3 - 112.12mg | Omega 6 - 287.88mg | Folate - 48.97mcg</p>\n<ul class=\"recommended-for-bullets\"><li>Omega 6, Omega 3 and Folate improve brain function and may aid memory</li></ul>", "rec_nutrient_names":"", "rec_nutrient_names_display_text":""},
 {"rec_id":27, "nu_item_name":"Guava", "nu_url_item_name":"guava-raw-nutritional-value-per-100-grams", "rec_item_name":"Strong Muscle", "rec_item_text":"<p class=\"content-nutrition-facts\">Potassium - 416.97mg</p>\n<ul class=\"recommended-for-bullets\"><li>Potassium helps strengthen muscles and ease muscle cramps.</li></ul>", "rec_nutrient_names":"", "rec_nutrient_names_display_text":""},
 {"rec_id":28, "nu_item_name":"Lychee", "nu_url_item_name":"lychee-raw-nutritional-value-per-100-grams", "rec_item_name":"Heart Health", "rec_item_text":"<p class=\"content-nutrition-facts\">Omega 3 - 65.26mg | Omega 6 - 66.84mg | Folate - 14.0mcg | Vitamin C - 71.58mg | Potassium - 171.05mg</p>\n<ul class=\"recommended-for-bullets\"><li>Omega 3 and Omega 6 in lychee regulate blood pressure, prevent heart stroke and diabetes. </li><li>Folate reduces risk of heart ailments and hypertension. </li><li>Vitamin C and Potassium lower the risk of cardiovascular disease. (<a title=\"R\" href=\"https://www.ncbi.nlm.nih.gov/pmc/articles/PMC3650509/\" target=\"_blank\" rel=\"noopener\"><strong>R</strong></a>)</li></ul>", "rec_nutrient_names":"", "rec_nutrient_names_display_text":""},
 {"rec_id":29, "nu_item_name":"Lychee", "nu_url_item_name":"lychee-raw-nutritional-value-per-100-grams", "rec_item_name":"Immunity", "rec_item_text":"<p class=\"content-nutrition-facts\">Vitamin C - 71.58mg</p>\n<ul class=\"recommended-for-bullets\"><li>Vitamin C boosts immunity</li></ul>", "rec_nutrient_names":"", "rec_nutrient_names_display_text":""},
 {"rec_id":30, "nu_item_name":"Lychee", "nu_url_item_name":"lychee-raw-nutritional-value-per-100-grams", "rec_item_name":"Strong Bones", "rec_item_text":"<p class=\"content-nutrition-facts\">Phosphorus - 31.0mg | Magnesium - 10.0mg</p>\n<ul class=\"recommended-for-bullets\"><li>Phosphorus and magnesium help build strong bones.</li></ul>", "rec_nutrient_names":"", "rec_nutrient_names_display_text":""},
 {"rec_id":31, "nu_item_name":"Lychee", "nu_url_item_name":"lychee-raw-nutritional-value-per-100-grams", "rec_item_name":"Increased Energy", "rec_item_text":"<p class=\"content-nutrition-facts\">Magnesium - 10.0mg | Niacin - 0.58mg</p>\n<ul class=\"recommended-for-bullets\"><li>Magnesium and Niacin boosts energy reserves of your body.</li></ul>", "rec_nutrient_names":"", "rec_nutrient_names_display_text":""},
 {"rec_id":32, "nu_item_name":"Lychee", "nu_url_item_name":"lychee-raw-nutritional-value-per-100-grams", "rec_item_name":"Improves Digestive Health", "rec_item_text":"<p class=\"content-nutrition-facts\">Dietary Fiber - 1.32g</p>\n<ul class=\"recommended-for-bullets\"><li>Dietary fibre in apple aids digestion.</li></ul>", "rec_nutrient_names":"", "rec_nutrient_names_display_text":""},
 {"rec_id":33, "nu_item_name":"Lychee", "nu_url_item_name":"lychee-raw-nutritional-value-per-100-grams", "rec_item_name":"Enhanced Brain Function", "rec_item_text":"<p class=\"content-nutrition-facts\">Omega 3 - 65.26mg | Omega 6 - 66.84mg | Folate - 14.0mcg</p>\n<ul class=\"recommended-for-bullets\"><li>Omega 6, Omega 3 and Folate improve brain function and may aid memory.</li></ul>", "rec_nutrient_names":"", "rec_nutrient_names_display_text":""},
 {"rec_id":34, "nu_item_name":"Mango", "nu_url_item_name":"mango-raw-nutritional-value-per-100-grams", "rec_item_name":"Heart Health", "rec_item_text":"<p class=\"content-nutrition-facts\">Omega 3 - 37.03mg | Omega 6 - 14.0mg | Potassium - 155.76mg | Vitamin K - 4.18mcg | Folate - 14.0mcg</p>\n<ul class=\"recommended-for-bullets\"><li>Omega 3, Omega 6 and Potassium in Mango help protect body against stroke, heart ailments and diabetes. </li><li>Folate reduces risk of heart ailments and lowers blood pressure. </li><li>Vitamin K regulates blood clotting, mentural flow and pain. </li></ul>", "rec_nutrient_names":"", "rec_nutrient_names_display_text":""},
 {"rec_id":35, "nu_item_name":"Mango", "nu_url_item_name":"mango-raw-nutritional-value-per-100-grams", "rec_item_name":"Immunity", "rec_item_text":"<p class=\"content-nutrition-facts\">Vitamin C - 27.7mg</p>\n<ul class=\"recommended-for-bullets\"><li>Mango has anti-viral properties. Vitamin C and antioxidants strengthen immune system and helps you fight illnesses.</li></ul>", "rec_nutrient_names":"", "rec_nutrient_names_display_text":""},
 {"rec_id":36, "nu_item_name":"Mango", "nu_url_item_name":"mango-raw-nutritional-value-per-100-grams", "rec_item_name":"Eye Health", "rec_item_text":"<p class=\"content-nutrition-facts\">Vitamin A - 764.85IU IU</p>\n<ul class=\"recommended-for-bullets\"><li>Vitamin A improves eye health and protects you against cataracts and macular degeneration.</li></ul>", "rec_nutrient_names":"", "rec_nutrient_names_display_text":""},
 {"rec_id":37, "nu_item_name":"Mango", "nu_url_item_name":"mango-raw-nutritional-value-per-100-grams", "rec_item_name":"Increased Energy", "rec_item_text":"<p class=\"content-nutrition-facts\">Magnesium - 8.97mg | Niacin - 0.61mg</p>\n<ul class=\"recommended-for-bullets\"><li>Magnesium and Niacin boosts energy reserves of your body.</li></ul>", "rec_nutrient_names":"", "rec_nutrient_names_display_text":""},
 {"rec_id":38, "nu_item_name":"Mango", "nu_url_item_name":"mango-raw-nutritional-value-per-100-grams", "rec_item_name":"Improves Digestive Health", "rec_item_text":"<p class=\"content-nutrition-facts\">Dietary Fiber - 1.82g | Total Carbohydrate - 17.03g</p>\n<ul class=\"recommended-for-bullets\"><li>Dietary fibre and carbohydrates aid digestion.</li></ul>", "rec_nutrient_names":"", "rec_nutrient_names_display_text":""},
 {"rec_id":39, "nu_item_name":"Mango", "nu_url_item_name":"mango-raw-nutritional-value-per-100-grams", "rec_item_name":"Enhanced Brain Function", "rec_item_text":"<p class=\"content-nutrition-facts\">Omega 3 - 37.03mg | Omega 6 - 14.0mg | Folate - 14.0mcg</p>\n<ul class=\"recommended-for-bullets\"><li>Omega 6, Omega 3 and Folate improve brain function and may aid memory.</li></ul>", "rec_nutrient_names":"", "rec_nutrient_names_display_text":""},
 {"rec_id":40, "nu_item_name":"Mango", "nu_url_item_name":"mango-raw-nutritional-value-per-100-grams", "rec_item_name":"Possible Cancer Prevention", "rec_item_text":"<p class=\"content-nutrition-facts\">Vitamin E - 1.09mg</p>\n<ul class=\"recommended-for-bullets\"><li>Vitamin E and antioxidants protect you against cancer.</li></ul>", "rec_nutrient_names":"", "rec_nutrient_names_display_text":""},
 {"rec_id":41, "nu_item_name":"Mango", "nu_url_item_name":"mango-raw-nutritional-value-per-100-grams", "rec_item_name":"Healthy Skin", "rec_item_text":"<p class=\"content-nutrition-facts\">Vitamin E - 1.09mg | Vitamin A - 764.85IU IU</p>\n<ul class=\"recommended-for-bullets\"><li>Vitamin E, Vitamin A and fatty acids improve skin health.</li></ul>", "rec_nutrient_names":"", "rec_nutrient_names_display_text":""},
 {"rec_id":42, "nu_item_name":"Orange", "nu_url_item_name":"orange-raw-nutritional-value-per-100-grams", "rec_item_name":"Heart Health", "rec_item_text":"<p class=\"content-nutrition-facts\">Omega 3 - 7.0mg | Omega 6 - 18.0mg | Vitamin C - 53.22mg | Potassium - 181.11mg</p>\n<ul class=\"recommended-for-bullets\"><li>Omega 3, Omega 6 in Orange help protect body against stroke, heart ailments and diabetes. </li><li>Vitamin C and Potassium lower the risk of cardiovascular diseases. (<a title=\"R\" href=\"https://www.ncbi.nlm.nih.gov/pmc/articles/PMC3650509/\" target=\"_blank\" rel=\"noopener\"><strong>R</strong></a>)</li><li>Folate reduces risk of heart ailments and lowers blood pressure. </li></ul>", "rec_nutrient_names":"", "rec_nutrient_names_display_text":""},
 {"rec_id":43, "nu_item_name":"Orange", "nu_url_item_name":"orange-raw-nutritional-value-per-100-grams", "rec_item_name":"Immunity", "rec_item_text":"<p class=\"content-nutrition-facts\">Vitamin C - 53.22mg</p>\n<ul class=\"recommended-for-bullets\"><li>Orange has anti-viral properties. Vitamin C and antioxidants strengthens immune system and helps you fight illnesses. </li></ul>", "rec_nutrient_names":"", "rec_nutrient_names_display_text":""},
 {"rec_id":44, "nu_item_name":"Orange", "nu_url_item_name":"orange-raw-nutritional-value-per-100-grams", "rec_item_name":"Eye Health", "rec_item_text":"<p class=\"content-nutrition-facts\">Vitamin A - 225.0IU IU</p>\n<ul class=\"recommended-for-bullets\"><li>Vitamin A improves eye health and protects you against cataracts and macular degeneration. </li></ul>", "rec_nutrient_names":"", "rec_nutrient_names_display_text":""},
 {"rec_id":45, "nu_item_name":"Orange", "nu_url_item_name":"orange-raw-nutritional-value-per-100-grams", "rec_item_name":"Increased Energy", "rec_item_text":"<p class=\"content-nutrition-facts\">Total Carbohydrate - 11.72g | Magnesium - 10.0mg</p>\n<ul class=\"recommended-for-bullets\"><li>Carbohydrates and Magnesium boost energy reserves of your body. </li></ul>", "rec_nutrient_names":"", "rec_nutrient_names_display_text":""},
 {"rec_id":46, "nu_item_name":"Orange", "nu_url_item_name":"orange-raw-nutritional-value-per-100-grams", "rec_item_name":"Improves Digestive Health", "rec_item_text":"<p class=\"content-nutrition-facts\">Dietary Fiber - 2.39g | Total Carbohydrate - 11.72g</p>\n<ul class=\"recommended-for-bullets\"><li>Dietary Fibre and carbohydrates aid digestion. </li></ul>", "rec_nutrient_names":"", "rec_nutrient_names_display_text":""},
 {"rec_id":47, "nu_item_name":"Orange", "nu_url_item_name":"orange-raw-nutritional-value-per-100-grams", "rec_item_name":"Enhanced Brain Function", "rec_item_text":"<p class=\"content-nutrition-facts\">Omega 3 Fatty Acids - 7.0mg | Omega 6 Fatty Acids - 18.0mg | Folate - 30.0mcg</p>\n<ul class=\"recommended-for-bullets\"><li>Omega 6, Omega 3 and Folate improve brain function and may aid memory. </li></ul>", "rec_nutrient_names":"", "rec_nutrient_names_display_text":""},
 {"rec_id":48, "nu_item_name":"Orange", "nu_url_item_name":"orange-raw-nutritional-value-per-100-grams", "rec_item_name":"Healthy Skin", "rec_item_text":"<p class=\"content-nutrition-facts\">Vitamin A 225.0IU IU | Omega 3 Fatty Acids - 7.0mg | Omega 6 Fatty Acids - 18.0mg</p>\n<ul class=\"recommended-for-bullets\"><li>Vitamin A and fatty acids improve skin health and help prevent acne. </li></ul>", "rec_nutrient_names":"", "rec_nutrient_names_display_text":""},
 {"rec_id":49, "nu_item_name":"Orange", "nu_url_item_name":"orange-raw-nutritional-value-per-100-grams", "rec_item_name":"Strong Bones", "rec_item_text":"<p class=\"content-nutrition-facts\">Calcium - 40.0mg | Magnesium - 10.0mg</p>\n<ul class=\"recommended-for-bullets\"><li>Calcium and Magnesium help build strong bones. </li></ul>", "rec_nutrient_names":"", "rec_nutrient_names_display_text":""},
 {"rec_id":50, "nu_item_name":"Orange", "nu_url_item_name":"orange-raw-nutritional-value-per-100-grams", "rec_item_name":"Strong Muscles", "rec_item_text":"<p class=\"content-nutrition-facts\">Potassium - 181.11mg</p>\n<ul class=\"recommended-for-bullets\"><li>Potassium help strengthen muscles and ease muscle cramps. </li></ul>", "rec_nutrient_names":"", "rec_nutrient_names_display_text":""},
 {"rec_id":51, "nu_item_name":"Papaya", "nu_url_item_name":"papaya-raw-nutritional-value-per-100-grams", "rec_item_name":"Heart Health", "rec_item_text":"<p class=\"content-nutrition-facts\">Omega 3 - 25.0mg | Omega 6 - 6.0mg | Vitamin C - 61.79mg | Vitamin E - 0.71mg | Vitamin K - 2.57mcg</p>\n<ul class=\"recommended-for-bullets\"><li>Omega 3, Omega 6 in Papaya protects body against heart ailments, diabetes and high blood pressure. </li><li>Vitamin C, E and Potassium promote heart health. </li><li>Vitamin K regulates blood clotting, mentural flow and pain. </li><li>Folate reduces risk of heart ailments and lowers blood pressure. </li></ul>", "rec_nutrient_names":"", "rec_nutrient_names_display_text":""},
 {"rec_id":52, "nu_item_name":"Papaya", "nu_url_item_name":"papaya-raw-nutritional-value-per-100-grams", "rec_item_name":"Immunity", "rec_item_text":"<p class=\"content-nutrition-facts\">Vitamin C - 61.79mg | Vitamin E - 0.71mg</p>\n<ul class=\"recommended-for-bullets\"><li>Vitamin C, Vitamin E and antioxidants strengthens immune system and helps you fight illnesses. </li></ul>", "rec_nutrient_names":"", "rec_nutrient_names_display_text":""},
 {"rec_id":53, "nu_item_name":"Papaya", "nu_url_item_name":"papaya-raw-nutritional-value-per-100-grams", "rec_item_name":"Improves Digestive Health", "rec_item_text":"<p class=\"content-nutrition-facts\">Dietary Fiber - 1.79g | Total Carbohydrate - 9.79g</p>\n<ul class=\"recommended-for-bullets\"><li>Digestive Enzymes, Dietary Fibre and Carbohydrates aid digestion. </li></ul>", "rec_nutrient_names":"", "rec_nutrient_names_display_text":""},
 {"rec_id":54, "nu_item_name":"Papaya", "nu_url_item_name":"papaya-raw-nutritional-value-per-100-grams", "rec_item_name":"Eye Health", "rec_item_text":"<p class=\"content-nutrition-facts\">Vitamin A - 1093.57IU IU</p>\n<ul class=\"recommended-for-bullets\"><li>Vitamin A improves eye health and protects you against cataracts and macular degeneration. </li></ul>", "rec_nutrient_names":"", "rec_nutrient_names_display_text":""},
 {"rec_id":55, "nu_item_name":"Papaya", "nu_url_item_name":"papaya-raw-nutritional-value-per-100-grams", "rec_item_name":"Enhanced Brain Function", "rec_item_text":"<p class=\"content-nutrition-facts\">Omega 3 - 25.0mg | Omega 6 - 6.0mg | Folate - 38.0mcg</p>\n<ul class=\"recommended-for-bullets\"><li>Omega 6, Omega 3 and Folate improve brain function and may aid memory. </li></ul>", "rec_nutrient_names":"", "rec_nutrient_names_display_text":""},
 {"rec_id":56, "nu_item_name":"Papaya", "nu_url_item_name":"papaya-raw-nutritional-value-per-100-grams", "rec_item_name":"Healthy Skin", "rec_item_text":"<p class=\"content-nutrition-facts\">Vitamin A - 1093.57IU IU | Omega 3 Fatty Acids - 25.0mg | Omega 6 Fatty Acids - 6.0mg</p>\n<ul class=\"recommended-for-bullets\"><li>Vitamin A and fatty acids improve skin health and help prevent acne. </li></ul>", "rec_nutrient_names":"", "rec_nutrient_names_display_text":""},
 {"rec_id":57, "nu_item_name":"Papaya", "nu_url_item_name":"papaya-raw-nutritional-value-per-100-grams", "rec_item_name":"Strong Muscles", "rec_item_text":"<p class=\"content-nutrition-facts\">Potassium - 257.14mg</p>\n<ul class=\"recommended-for-bullets\"><li>Potassium helps strengthen muscles and ease muscle cramps. </li></ul>", "rec_nutrient_names":"", "rec_nutrient_names_display_text":""},
 {"rec_id":58, "nu_item_name":"Peach", "nu_url_item_name":"peach-raw-nutritional-value-per-100-grams", "rec_item_name":"Heart Health", "rec_item_text":"<p class=\"content-nutrition-facts\">Omega 3 - 2.0mg | Omega 6 - 84.0mg | Vitamin C - 6.63mg | Vitamin E - 0.74mg | Potassium - 190.29mg | Vitamin K - 2.63mcg</p>\n<ul class=\"recommended-for-bullets\"><li>Omega 3, Omega 6 in Papaya protects body against heart ailments, diabetes and high blood pressure. </li><li>Vitamin C, E and Potassium promote heart health. </li><li>Vitamin K regulates blood clotting, mentural flow and pain. </li></ul>", "rec_nutrient_names":"", "rec_nutrient_names_display_text":""},
 {"rec_id":59, "nu_item_name":"Peach", "nu_url_item_name":"peach-raw-nutritional-value-per-100-grams", "rec_item_name":"Immunity", "rec_item_text":"<p class=\"content-nutrition-facts\">Vitamin C - 6.63mg | Vitamin E - 0.74mg</p>\n<ul class=\"recommended-for-bullets\"><li>Peach has anti-viral properties. Vitamin C and E strengthens immune system and helps you fight illnesses. </li></ul>", "rec_nutrient_names":"", "rec_nutrient_names_display_text":""},
 {"rec_id":60, "nu_item_name":"Peach", "nu_url_item_name":"peach-raw-nutritional-value-per-100-grams", "rec_item_name":"Improves Digestive Health", "rec_item_text":"<p class=\"content-nutrition-facts\">Dietary Fiber - 1.49g | Total Carbohydrate - 9.89g</p>\n<ul class=\"recommended-for-bullets\"><li>Dietary Fibre and Carbohydrates aid digestion. </li></ul>", "rec_nutrient_names":"", "rec_nutrient_names_display_text":""},
 {"rec_id":61, "nu_item_name":"Peach", "nu_url_item_name":"peach-raw-nutritional-value-per-100-grams", "rec_item_name":"Eye Health", "rec_item_text":"<p class=\"content-nutrition-facts\">Vitamin A - 325.71IU IU</p>\n<ul class=\"recommended-for-bullets\"><li>Vitamin A improves eye health and protects you against cataracts and macular degeneration. </li></ul>", "rec_nutrient_names":"", "rec_nutrient_names_display_text":""},
 {"rec_id":62, "nu_item_name":"Peach", "nu_url_item_name":"peach-raw-nutritional-value-per-100-grams", "rec_item_name":"Enhanced Brain Function", "rec_item_text":"<p class=\"content-nutrition-facts\">Omega 3 Fatty Acids - 2.0mg | Omega 6 Fatty Acids - 84.0mg</p>\n<ul class=\"recommended-for-bullets\"><li>Omega 6 and Omega 3 improve brain function and may aid memory. </li></ul>", "rec_nutrient_names":"", "rec_nutrient_names_display_text":""},
 {"rec_id":63, "nu_item_name":"Peach", "nu_url_item_name":"peach-raw-nutritional-value-per-100-grams", "rec_item_name":"Healthy Skin", "rec_item_text":"<p class=\"content-nutrition-facts\">Vitamin A - 325.71IU IU | Omega 3 Fatty Acids - 2.0mg | Omega 6 Fatty Acids - 84.0mg</p>\n<ul class=\"recommended-for-bullets\"><li>Vitamin A and fatty acids improve skin health and help prevent acne. </li></ul>", "rec_nutrient_names":"", "rec_nutrient_names_display_text":""},
 {"rec_id":64, "nu_item_name":"Peach", "nu_url_item_name":"peach-raw-nutritional-value-per-100-grams", "rec_item_name":"Strong Bones", "rec_item_text":"<p class=\"content-nutrition-facts\">Magnesium - 8.97mg | Vitamin K - 2.63mcg | Phosphorus - 20.0mg</p>\n<ul class=\"recommended-for-bullets\"><li>Magnesium, Vitamin K and phosphorus aids in building strong bones. </li></ul>", "rec_nutrient_names":"", "rec_nutrient_names_display_text":""},
 {"rec_id":65, "nu_item_name":"Peach", "nu_url_item_name":"peach-raw-nutritional-value-per-100-grams", "rec_item_name":"Strong Muscles", "rec_item_text":"<p class=\"content-nutrition-facts\">Potassium - 190.29mg</p>\n<ul class=\"recommended-for-bullets\"><li>Potassium helps strengthen muscles and ease muscle cramps. </li></ul>", "rec_nutrient_names":"", "rec_nutrient_names_display_text":""},
 {"rec_id":66, "nu_item_name":"Pear", "nu_url_item_name":"pear-raw-nutritional-value-per-100-grams", "rec_item_name":"Heart Health", "rec_item_text":"<p class=\"content-nutrition-facts\">Omega 6 - 28.99mg | Vitamin C - 4.19mg | Vitamin K - 4.53mcg</p>\n<ul class=\"recommended-for-bullets\"><li>Omega 6, Potassium and Vitamin C in Pear are good for Heart Health. </li><li>Vitamin K regulates blood clotting, mentural flow and pain. </li><li>Folate reduces risk of heart ailments and lowers blood pressure. </li></ul>", "rec_nutrient_names":"", "rec_nutrient_names_display_text":""},
 {"rec_id":67, "nu_item_name":"Pear", "nu_url_item_name":"pear-raw-nutritional-value-per-100-grams", "rec_item_name":"Immunity", "rec_item_text":"<p class=\"content-nutrition-facts\">Vitamin C - 4.19mg</p>\n<ul class=\"recommended-for-bullets\"><li>Vitamin C strengthens immune system. </li></ul>", "rec_nutrient_names":"", "rec_nutrient_names_display_text":""},
 {"rec_id":68, "nu_item_name":"Pear", "nu_url_item_name":"pear-raw-nutritional-value-per-100-grams", "rec_item_name":"Improves Digestive Health", "rec_item_text":"<p class=\"content-nutrition-facts\">Dietary Fiber - 3.11g | Total Carbohydrate - 15.47g</p>\n<ul class=\"recommended-for-bullets\"><li>Dietary Fibre and Carbohydrates aid digestion. </li></ul>", "rec_nutrient_names":"", "rec_nutrient_names_display_text":""},
 {"rec_id":69, "nu_item_name":"Pear", "nu_url_item_name":"pear-raw-nutritional-value-per-100-grams", "rec_item_name":"Increased Energy", "rec_item_text":"<p class=\"content-nutrition-facts\">Total Carbohydrate - 15.47g</p>\n<ul class=\"recommended-for-bullets\"><li>Healthy Carbohydrates gives you a energy boost. </li></ul>", "rec_nutrient_names":"", "rec_nutrient_names_display_text":""},
 {"rec_id":70, "nu_item_name":"Pear", "nu_url_item_name":"pear-raw-nutritional-value-per-100-grams", "rec_item_name":"Strong Bones", "rec_item_text":"<p class=\"content-nutrition-facts\">Calcium - 8.99mg | Vitamin K - 4.53mcg | Phosphorus - 11.01mg</p>\n<ul class=\"recommended-for-bullets\"><li>Calcium, Vitamin K and phosphorus aids in building strong bones. </li></ul>", "rec_nutrient_names":"", "rec_nutrient_names_display_text":""},
 {"rec_id":71, "nu_item_name":"Pear", "nu_url_item_name":"pear-raw-nutritional-value-per-100-grams", "rec_item_name":"Strong Muscles", "rec_item_text":"<p class=\"content-nutrition-facts\">Potassium - 118.92mg</p>\n<ul class=\"recommended-for-bullets\"><li>Potassium helps strengthen muscles and ease muscle cramps. </li></ul>", "rec_nutrient_names":"", "rec_nutrient_names_display_text":""}]